prs,signature,effect,sem,z_score,p_value,category,p_value_fdr,significant_fdr,abs_z_score
AAM,Sig 0,-0.042214639484882355,0.010736310854554176,-3.931950188176189,8.425952731716535e-05,Other,0.0002198074625665183,True,3.931950188176189
AAM,Sig 1,-0.05285671353340149,0.009846445173025131,-5.368101137475006,7.956993219870867e-08,Other,2.781085008886905e-07,True,5.368101137475006
AAM,Sig 2,-0.04892554506659508,0.01075778342783451,-4.547920619038113,5.417856217437844e-06,Other,1.6119241638658047e-05,True,4.547920619038113
AAM,Sig 3,-0.045994650572538376,0.010246231220662594,-4.488933499742361,7.158063659140623e-06,Other,2.0865610666320846e-05,True,4.488933499742361
AAM,Sig 4,-0.017780477181077003,0.05895703285932541,-0.30158365030855877,0.7629694731684058,Other,0.805480968740839,False,0.30158365030855877
AAM,Sig 5,-0.052204690873622894,0.010916145518422127,-4.782337390567217,1.7326853845034407e-06,Other,5.569345878761059e-06,True,4.782337390567217
AAM,Sig 6,0.01896725222468376,0.027482012286782265,0.6901697017945896,0.490087474364044,Other,0.5663932287995371,False,0.6901697017945896
AAM,Sig 7,-0.05098820477724075,0.0100789163261652,-5.058897517074697,4.216874092133338e-07,Other,1.386369564536988e-06,True,5.058897517074697
AAM,Sig 8,0.018216146156191826,0.010811788029968739,1.684841221979127,0.09201920937781383,Other,0.13411706629964767,False,1.684841221979127
AAM,Sig 9,-0.05974408984184265,0.013252928853034973,-4.50799144131533,6.544421540022327e-06,Other,1.9232585750269694e-05,True,4.50799144131533
AAM,Sig 10,-0.05821938440203667,0.010875226929783821,-5.353394901819668,8.631918002599548e-08,Other,3.002406261773756e-07,True,5.353394901819668
AAM,Sig 11,-0.08486498147249222,0.028482908383011818,-2.9795054750486294,0.0028871407028088214,Other,0.006025337118905366,True,2.9795054750486294
AAM,Sig 12,-0.008445976302027702,0.049023568630218506,-0.17228399600476121,0.8632142655670163,Other,0.8929802747244996,False,0.17228399600476121
AAM,Sig 13,-0.04819637909531593,0.012340878136456013,-3.9054254131997053,9.405976744947253e-05,Other,0.0002436080308043893,True,3.9054254131997053
AAM,Sig 14,-0.06387574225664139,0.010511291213333607,-6.076869240918262,1.2255161330188002e-09,Other,4.571873656857701e-09,True,6.076869240918262
AAM,Sig 15,-0.06437696516513824,0.013385390862822533,-4.809494606836105,1.513123782936887e-06,Other,4.885422079437483e-06,True,4.809494606836105
AAM,Sig 16,-0.04670915752649307,0.010223960503935814,-4.568597219102316,4.909993116974931e-06,Other,1.4668859104655397e-05,True,4.568597219102316
AAM,Sig 17,-0.04205691069364548,0.00969022512435913,-4.340137628786714,1.4239350448308485e-05,Other,4.036351308181933e-05,True,4.340137628786714
AAM,Sig 18,-0.04224862903356552,0.010582144372165203,-3.9924449665130646,6.539551312800818e-05,Other,0.00017374453672385935,True,3.9924449665130646
AAM,Sig 19,-0.04527820274233818,0.010359548032283783,-4.370673566186122,1.2386385091378571e-05,Other,3.524979156439752e-05,True,4.370673566186122
AAM,Sig 20,0.0,0.0,,,Other,,False,
AMD,Sig 0,0.0292783435434103,0.010789626277983189,2.7135641948187152,0.006656367003106567,Other,0.0130588126491464,True,2.7135641948187152
AMD,Sig 1,0.022819269448518753,0.01167258806526661,1.9549451519171337,0.05058954441832575,Other,0.08278289086635122,False,1.9549451519171337
AMD,Sig 2,0.025163838639855385,0.010884849354624748,2.3118224074606775,0.020787472063112045,Other,0.03695550588997697,True,2.3118224074606775
AMD,Sig 3,0.02825186774134636,0.010539676062762737,2.68052524319621,0.007350672013469062,Other,0.01418896474449792,True,2.68052524319621
AMD,Sig 4,-0.045165956020355225,0.051914967596530914,-0.8699987327618659,0.38430109673929946,Other,0.45735006554098445,False,0.8699987327618659
AMD,Sig 5,0.023781029507517815,0.011678406968712807,2.0363247805311717,0.041717753073020614,Other,0.07034375225427364,False,2.0363247805311717
AMD,Sig 6,0.035604335367679596,0.0206077191978693,1.7277183867761963,0.08403872544846891,Other,0.12527511868094746,False,1.7277183867761963
AMD,Sig 7,0.02716119959950447,0.01072816364467144,2.5317659665822805,0.01134897112231692,Other,0.021059946412546864,True,2.5317659665822805
AMD,Sig 8,0.024228569120168686,0.012345057912170887,1.9626128360468804,0.049691178081019194,Other,0.08170840578472138,False,1.9626128360468804
AMD,Sig 9,0.03532082960009575,0.013073467649519444,2.701718514704404,0.006898213531247199,Other,0.013423550655399956,True,2.701718514704404
AMD,Sig 10,0.07287871837615967,0.012507596053183079,5.82675664182588,5.651493051317402e-09,Other,2.055088382297237e-08,True,5.82675664182588
AMD,Sig 11,0.011470572091639042,0.03823678940534592,0.29998784599931216,0.764186426414539,Other,0.8055845197927791,False,0.29998784599931216
AMD,Sig 12,-0.011659343726933002,0.04820490628480911,-0.2418704780390213,0.808880526144585,Other,0.8465028761978215,False,0.2418704780390213
AMD,Sig 13,0.016773561015725136,0.012737486511468887,1.3168658510941031,0.18788359489139772,Other,0.24640471461166916,False,1.3168658510941031
AMD,Sig 14,0.03501785546541214,0.012846270576119423,2.7259160748574445,0.00641233004721764,Other,0.012614419765018309,True,2.7259160748574445
AMD,Sig 15,0.04101443290710449,0.01355565432459116,3.0256328411016407,0.002481133873666108,Other,0.005300938839880112,True,3.0256328411016407
AMD,Sig 16,0.02772221341729164,0.011018291115760803,2.516017513608547,0.01186892847651344,Other,0.0219681966660403,True,2.516017513608547
AMD,Sig 17,0.02563926950097084,0.010078301653265953,2.5440069550470574,0.010958890250155173,Other,0.02044145331635162,True,2.5440069550470574
AMD,Sig 18,0.03210163861513138,0.011616971343755722,2.763339743657579,0.005721317982471552,Other,0.011316892712581093,True,2.763339743657579
AMD,Sig 19,0.03391852229833603,0.011224796064198017,3.021749535968912,0.0025131840110603765,Other,0.005353528070897844,True,3.021749535968912
AMD,Sig 20,0.0,0.0,,,Other,,False,
AD,Sig 0,-0.027390968054533005,0.01615244336426258,-1.6957786160783423,0.08992781363584834,Neurological,0.13240905075216933,False,1.6957786160783423
AD,Sig 1,-0.01804058998823166,0.014413656666874886,-1.2516317271308468,0.21070408813524355,Neurological,0.270433906850591,False,1.2516317271308468
AD,Sig 2,-0.025353167206048965,0.014161703176796436,-1.7902625757323765,0.07341170958435561,Neurological,0.1129410916682394,False,1.7902625757323765
AD,Sig 3,-0.01893088035285473,0.014496613293886185,-1.3058829651501194,0.19159236043386807,Neurological,0.25080035710899523,False,1.3058829651501194
AD,Sig 4,-0.09646905958652496,0.04605919122695923,-2.094458391836893,0.03621916584559526,Neurological,0.06164964399250256,False,2.094458391836893
AD,Sig 5,-0.015825117006897926,0.014584274962544441,-1.0850808180413654,0.2778858622612339,Neurological,0.3461553993565543,False,1.0850808180413654
AD,Sig 6,0.03889860957860947,0.023936022073030472,1.6251075245471907,0.10413964987387403,Neurological,0.1499610958183786,False,1.6251075245471907
AD,Sig 7,-0.02228282019495964,0.014270110055804253,-1.5615030373151384,0.11840510776412594,Neurological,0.16553723803916637,False,1.5615030373151384
AD,Sig 8,-0.015170836821198463,0.015260303393006325,-0.9941373005828401,0.3201560279013549,Neurological,0.3893789528529992,False,0.9941373005828401
AD,Sig 9,-0.016174597665667534,0.014680463820695877,-1.101777018983916,0.27055862362440664,Neurological,0.3381982795305083,False,1.101777018983916
AD,Sig 10,-0.04029463231563568,0.01656501553952694,-2.4325140063699817,0.014994411569300592,Neurological,0.02712556866808147,True,2.4325140063699817
AD,Sig 11,0.08822224289178848,0.027935760095715523,3.1580398238499705,0.0015883385819028817,Neurological,0.0034972592629054274,True,3.1580398238499705
AD,Sig 12,-0.06904223561286926,0.05089440569281578,-1.3565780889473127,0.17491530771654684,Neurological,0.23208364045794944,False,1.3565780889473127
AD,Sig 13,-0.006373312324285507,0.015579614788293839,-0.409080225081962,0.6824807878322581,Neurological,0.7356080347892602,False,0.409080225081962
AD,Sig 14,-0.03681853786110878,0.01686788722872734,-2.1827593083740746,0.0290535397534033,Neurological,0.05016438518573232,False,2.1827593083740746
AD,Sig 15,-0.04249776154756546,0.01762864738702774,-2.4107216290932207,0.015920994905862962,Neurological,0.028729614867722637,True,2.4107216290932207
AD,Sig 16,-0.007447806652635336,0.015291512943804264,-0.4870549225577447,0.6262194099094065,Neurological,0.6904716311405401,False,0.4870549225577447
AD,Sig 17,-0.0203709714114666,0.014449384063482285,-1.4098159009386326,0.15859405018253137,Neurological,0.21303678382728095,False,1.4098159009386326
AD,Sig 18,-0.02385670691728592,0.013638358563184738,-1.7492359367706094,0.08025024455189222,Neurological,0.12062667239532861,False,1.7492359367706094
AD,Sig 19,-0.024354176595807076,0.01422375813126564,-1.7122181332845838,0.08685647693377319,Neurological,0.12841203981995214,False,1.7122181332845838
AD,Sig 20,0.0,0.0,,,Neurological,,False,
AST,Sig 0,0.13361726701259613,0.012630989775061607,10.578527050699352,0.0,Other,0.0,True,10.578527050699352
AST,Sig 1,0.13647237420082092,0.01110787782818079,12.286088874203246,0.0,Other,0.0,True,12.286088874203246
AST,Sig 2,0.1424020677804947,0.01110721006989479,12.820687362928712,0.0,Other,0.0,True,12.820687362928712
AST,Sig 3,0.13021253049373627,0.010789425112307072,12.06853276595877,0.0,Other,0.0,True,12.06853276595877
AST,Sig 4,0.41287046670913696,0.061806924641132355,6.680003399398596,2.389377584677277e-11,Other,9.610904251215862e-11,True,6.680003399398596
AST,Sig 5,0.11441557109355927,0.011306993663311005,10.119009039937428,0.0,Other,0.0,True,10.119009039937428
AST,Sig 6,0.07669169455766678,0.029773449525237083,2.5758417576928747,0.009999639838333962,Other,0.01874932469687618,True,2.5758417576928747
AST,Sig 7,0.16246137022972107,0.01094671618193388,14.841105545226638,0.0,Other,0.0,True,14.841105545226638
AST,Sig 8,0.1037905216217041,0.010306061245501041,10.070823290227613,0.0,Other,0.0,True,10.070823290227613
AST,Sig 9,0.1376282274723053,0.011835353448987007,11.628569274716925,0.0,Other,0.0,True,11.628569274716925
AST,Sig 10,0.1172148808836937,0.012634188868105412,9.277594478550084,0.0,Other,0.0,True,9.277594478550084
AST,Sig 11,0.06033848598599434,0.0373249426484108,1.6165727715743297,0.10597053331666095,Other,0.1516874433160952,False,1.6165727715743297
AST,Sig 12,0.020769651979207993,0.046593256294727325,0.4457651950279845,0.6557668655229492,Other,0.7175564485965401,False,0.4457651950279845
AST,Sig 13,0.09738491475582123,0.013310438022017479,7.316432005823688,2.546851618490109e-13,Other,1.1113534335229567e-12,True,7.316432005823688
AST,Sig 14,0.1996626853942871,0.01286641601473093,15.51812759401613,0.0,Other,0.0,True,15.51812759401613
AST,Sig 15,0.10115718841552734,0.015084617771208286,6.705982872738352,2.0005552769930546e-11,Other,8.137851974209036e-11,True,6.705982872738352
AST,Sig 16,0.13703039288520813,0.011334709823131561,12.089448695506992,0.0,Other,0.0,True,12.089448695506992
AST,Sig 17,0.1268613487482071,0.011542076244950294,10.991206959294646,0.0,Other,0.0,True,10.991206959294646
AST,Sig 18,0.09494268149137497,0.011681915260851383,8.127321536867193,4.440892098500626e-16,Other,2.1900289800825006e-15,True,8.127321536867193
AST,Sig 19,0.10989556461572647,0.010803072713315487,10.172621024782428,0.0,Other,0.0,True,10.172621024782428
AST,Sig 20,0.0,0.0,,,Other,,False,
AF,Sig 0,0.30059412121772766,0.008567414246499538,35.08574612702356,0.0,Cardiovascular,0.0,True,35.08574612702356
AF,Sig 1,0.06517773866653442,0.007766294293105602,8.39238589302428,0.0,Cardiovascular,0.0,True,8.39238589302428
AF,Sig 2,0.06631922721862793,0.008330082520842552,7.9614129935317886,1.7763568394002505e-15,Cardiovascular,8.414321870843291e-15,True,7.9614129935317886
AF,Sig 3,0.07362819463014603,0.007453159429132938,9.878789703913732,0.0,Cardiovascular,0.0,True,9.878789703913732
AF,Sig 4,-0.09684477001428604,0.05348343029618263,-1.8107434298431362,0.07018057674435374,Cardiovascular,0.10890089494813511,False,1.8107434298431362
AF,Sig 5,0.07791347056627274,0.007565170526504517,10.298970828655282,0.0,Cardiovascular,0.0,True,10.298970828655282
AF,Sig 6,0.05324556306004524,0.026732752099633217,1.9917725964613944,0.0463960142589428,Cardiovascular,0.07714810685089796,False,1.9917725964613944
AF,Sig 7,0.07473311573266983,0.008122413419187069,9.200851012598358,0.0,Cardiovascular,0.0,True,9.200851012598358
AF,Sig 8,0.06276166439056396,0.008810131810605526,7.123805379961769,1.049826892085548e-12,Cardiovascular,4.499258108938063e-12,True,7.123805379961769
AF,Sig 9,0.06311924755573273,0.00924109760671854,6.830276038837988,8.47522052538352e-12,Cardiovascular,3.486947873300648e-11,True,6.830276038837988
AF,Sig 10,0.06539101898670197,0.009543451480567455,6.851925544951144,7.286171666009977e-12,Cardiovascular,3.014967585935163e-11,True,6.851925544951144
AF,Sig 11,0.15732112526893616,0.04660116136074066,3.3759056786398456,0.0007357313723623804,Cardiovascular,0.001687027350639853,True,3.3759056786398456
AF,Sig 12,-0.019902201369404793,0.05375892296433449,-0.37021205545000585,0.7112244947953634,Cardiovascular,0.7575172133915113,False,0.37021205545000585
AF,Sig 13,0.07292730361223221,0.008938594721257687,8.158698977457513,4.440892098500626e-16,Cardiovascular,2.1900289800825006e-15,True,8.158698977457513
AF,Sig 14,0.07942119985818863,0.00933857262134552,8.504640171309763,0.0,Cardiovascular,0.0,True,8.504640171309763
AF,Sig 15,0.06378607451915741,0.01341754850000143,4.753929118955718,1.995010052491253e-06,Cardiovascular,6.272520689055468e-06,True,4.753929118955718
AF,Sig 16,0.07605259120464325,0.008023395203053951,9.478853936509982,0.0,Cardiovascular,0.0,True,9.478853936509982
AF,Sig 17,0.06953521817922592,0.007921826094388962,8.77767541861059,0.0,Cardiovascular,0.0,True,8.77767541861059
AF,Sig 18,0.06206759065389633,0.007913372479379177,7.8433804064743935,4.440892098500626e-15,Cardiovascular,2.0365874591850004e-14,True,7.8433804064743935
AF,Sig 19,0.07166796177625656,0.008893875405192375,8.05812522788612,6.661338147750939e-16,Cardiovascular,3.2406509907977543e-15,True,8.05812522788612
AF,Sig 20,0.0,0.0,,,Cardiovascular,,False,
BD,Sig 0,0.020464299246668816,0.010557404719293118,1.9383835128790086,0.05257645037905734,Neurological,0.08564489654507076,False,1.9383835128790086
BD,Sig 1,0.026748796924948692,0.008933726698160172,2.994136470556838,0.0027522281147669414,Neurological,0.005760477449512203,True,2.994136470556838
BD,Sig 2,0.017450612038373947,0.0089194867759943,1.956459208543267,0.05041108321250576,Neurological,0.08267876973349463,False,1.956459208543267
BD,Sig 3,0.026993850246071815,0.009120326489210129,2.9597460439609367,0.0030789273306539577,Neurological,0.006351941770976646,True,2.9597460439609367
BD,Sig 4,-0.07466641068458557,0.04156292602419853,-1.7964666549490216,0.07242033130861447,Neurological,0.1116544722531101,False,1.7964666549490216
BD,Sig 5,0.018691999837756157,0.009524654597043991,1.9624858463169135,0.049705946852372174,Neurological,0.08170840578472138,False,1.9624858463169135
BD,Sig 6,-0.0360356941819191,0.0247756727039814,-1.4544789403893053,0.1458135680183199,Neurological,0.19959271667906908,False,1.4544789403893053
BD,Sig 7,0.02701736055314541,0.009108711034059525,2.966101400310253,0.003016010324010887,Neurological,0.0062471419926398595,True,2.966101400310253
BD,Sig 8,0.02142145112156868,0.009286236949265003,2.306795663152249,0.021066214139728867,Neurological,0.03725254526013081,True,2.306795663152249
BD,Sig 9,0.0397130623459816,0.010402720421552658,3.817565092271722,0.00013477523538329983,Neurological,0.00033929429886704854,True,3.817565092271722
BD,Sig 10,0.025662999600172043,0.010732343420386314,2.391183229510214,0.01679416918170773,Neurological,0.030154119229001408,True,2.391183229510214
BD,Sig 11,0.016597101464867592,0.042604073882102966,0.389566066165322,0.6968574487744879,Neurological,0.7477456976417753,False,0.389566066165322
BD,Sig 12,-0.08670780807733536,0.045324500650167465,-1.9130449720026863,0.05574229542444731,Neurological,0.08978624766353929,False,1.9130449720026863
BD,Sig 13,0.030115988105535507,0.010386987589299679,2.899395791765456,0.0037388260441433285,Neurological,0.0075616706510763946,True,2.899395791765456
BD,Sig 14,0.025311777368187904,0.009842491708695889,2.5716838903531745,0.01012052520632345,Neurological,0.01892669648974775,True,2.5716838903531745
BD,Sig 15,0.02256948873400688,0.01404338888823986,1.6071255245880787,0.1080268351170508,Neurological,0.1540184579886665,False,1.6071255245880787
BD,Sig 16,0.024671290069818497,0.009353097528219223,2.6377667928066364,0.008345395101965414,Neurological,0.015895990670410313,True,2.6377667928066364
BD,Sig 17,0.030805513262748718,0.009179247543215752,3.355995479772917,0.0007907986127100308,Neurological,0.0018018196238962728,True,3.355995479772917
BD,Sig 18,0.013780990615487099,0.00955876149237156,1.4417129903790487,0.14938335742630393,Neurological,0.20331950349137773,False,1.4417129903790487
BD,Sig 19,0.018155546858906746,0.009664838202297688,1.878515343856507,0.06031070001926553,Neurological,0.09564692514068543,False,1.878515343856507
BD,Sig 20,0.0,0.0,,,Neurological,,False,
BMI,Sig 0,0.16527122259140015,0.00971775408834219,17.00714188576414,0.0,Metabolic,0.0,True,17.00714188576414
BMI,Sig 1,0.17779408395290375,0.00869039911776781,20.458678772232428,0.0,Metabolic,0.0,True,20.458678772232428
BMI,Sig 2,0.11837171018123627,0.008903466165065765,13.295014322139776,0.0,Metabolic,0.0,True,13.295014322139776
BMI,Sig 3,0.1278771460056305,0.008168647065758705,15.654629827461305,0.0,Metabolic,0.0,True,15.654629827461305
BMI,Sig 4,-0.0900895893573761,0.04243942350149155,-2.1227807054026044,0.03377223240593308,Metabolic,0.05789525555302813,False,2.1227807054026044
BMI,Sig 5,0.13344129920005798,0.00843191146850586,15.825747186563365,0.0,Metabolic,0.0,True,15.825747186563365
BMI,Sig 6,0.10105236619710922,0.025127770379185677,4.021541293644377,5.781856934805596e-05,Metabolic,0.0001541828515948159,True,4.021541293644377
BMI,Sig 7,0.15455149114131927,0.008133276365697384,19.002365614077757,0.0,Metabolic,0.0,True,19.002365614077757
BMI,Sig 8,0.1000542864203453,0.008698959834873676,11.50186784622604,0.0,Metabolic,0.0,True,11.50186784622604
BMI,Sig 9,0.1697119176387787,0.009816187433898449,17.288985034322888,0.0,Metabolic,0.0,True,17.288985034322888
BMI,Sig 10,0.11214636266231537,0.009674400091171265,11.592074093013656,0.0,Metabolic,0.0,True,11.592074093013656
BMI,Sig 11,-0.007288978900760412,0.0342717319726944,-0.2126819533535049,0.8315750438700502,Metabolic,0.8627291521418389,False,0.2126819533535049
BMI,Sig 12,0.07726360112428665,0.040807172656059265,1.8933828563791504,0.05830697360079529,Metabolic,0.09329115776127246,False,1.8933828563791504
BMI,Sig 13,0.1351931393146515,0.008048110641539097,16.798121364891866,0.0,Metabolic,0.0,True,16.798121364891866
BMI,Sig 14,0.1711256355047226,0.01073491107672453,15.941038941231454,0.0,Metabolic,0.0,True,15.941038941231454
BMI,Sig 15,0.2308812141418457,0.012816376984119415,18.01454610986609,0.0,Metabolic,0.0,True,18.01454610986609
BMI,Sig 16,0.14758563041687012,0.00871296040713787,16.938632051623276,0.0,Metabolic,0.0,True,16.938632051623276
BMI,Sig 17,0.11226657778024673,0.008134911768138409,13.800589481493269,0.0,Metabolic,0.0,True,13.800589481493269
BMI,Sig 18,0.09086368978023529,0.00917005818337202,9.90873645109445,0.0,Metabolic,0.0,True,9.90873645109445
BMI,Sig 19,0.09979280084371567,0.009049790911376476,11.027083589109923,0.0,Metabolic,0.0,True,11.027083589109923
BMI,Sig 20,0.0,0.0,,,Metabolic,,False,
CRC,Sig 0,0.07863815128803253,0.008552595973014832,9.194652890906081,0.0,Cancer,0.0,True,9.194652890906081
CRC,Sig 1,0.07598678022623062,0.008399171754717827,9.046937298734097,0.0,Cancer,0.0,True,9.046937298734097
CRC,Sig 2,0.07791002094745636,0.008528783917427063,9.134950738787156,0.0,Cancer,0.0,True,9.134950738787156
CRC,Sig 3,0.07805576920509338,0.00813119113445282,9.599549182205525,0.0,Cancer,0.0,True,9.599549182205525
CRC,Sig 4,-0.07978387922048569,0.04506653919816017,-1.7703573569222026,0.076667628757082,Cancer,0.11744828235127454,False,1.7703573569222026
CRC,Sig 5,0.0743185356259346,0.007825360633432865,9.49713873996018,0.0,Cancer,0.0,True,9.49713873996018
CRC,Sig 6,0.2322123497724533,0.02446112595498562,9.493117782058771,0.0,Cancer,0.0,True,9.493117782058771
CRC,Sig 7,0.07729689031839371,0.008369037881493568,9.236054539712399,0.0,Cancer,0.0,True,9.236054539712399
CRC,Sig 8,0.07572617381811142,0.009988710284233093,7.5811763143879665,3.419486915845482e-14,Cancer,1.538769112130467e-13,True,7.5811763143879665
CRC,Sig 9,0.07437819242477417,0.009490996599197388,7.836710470538364,4.6629367034256575e-15,Cancer,2.124882548396502e-14,True,7.836710470538364
CRC,Sig 10,0.06537164747714996,0.010228765197098255,6.390961784487428,1.648454706071334e-10,Cancer,6.381114991243873e-10,True,6.390961784487428
CRC,Sig 11,-0.03542141243815422,0.031007058918476105,-1.1423660828743658,0.25330188330439785,Cancer,0.31996027364766044,False,1.1423660828743658
CRC,Sig 12,0.0996784195303917,0.04884481430053711,2.0407165214526284,0.041279012208155,Cancer,0.06993150303499199,False,2.0407165214526284
CRC,Sig 13,0.0916764959692955,0.009494766592979431,9.65547652715154,0.0,Cancer,0.0,True,9.65547652715154
CRC,Sig 14,0.08304829895496368,0.009477069601416588,8.76307787615594,0.0,Cancer,0.0,True,8.76307787615594
CRC,Sig 15,0.09441967308521271,0.014389506541192532,6.56170333672802,5.31965582695193e-11,Cancer,2.116106185306845e-10,True,6.56170333672802
CRC,Sig 16,0.08749072253704071,0.008658075705170631,10.105100199665724,0.0,Cancer,0.0,True,10.105100199665724
CRC,Sig 17,0.14203113317489624,0.008274680934846401,17.16454498889179,0.0,Cancer,0.0,True,17.16454498889179
CRC,Sig 18,0.06704486906528473,0.009556259959936142,7.015806324478928,2.2861712523081223e-12,Cancer,9.625984220244725e-12,True,7.015806324478928
CRC,Sig 19,0.0882309228181839,0.008772172033786774,10.058047479957635,0.0,Cancer,0.0,True,10.058047479957635
CRC,Sig 20,0.0,0.0,,,Cancer,,False,
BC,Sig 0,0.05430316925048828,0.011572958901524544,4.69224592539897,2.7022202107040982e-06,Cancer,8.38620065390927e-06,True,4.69224592539897
BC,Sig 1,0.035105615854263306,0.010659880004823208,3.2932468131329142,0.0009903749450153043,Cancer,0.0022353290295016276,True,3.2932468131329142
BC,Sig 2,0.03893384337425232,0.010672353208065033,3.648102964286288,0.00026418376892034523,Cancer,0.0006491887836950463,True,3.648102964286288
BC,Sig 3,0.04706340655684471,0.010084891691803932,4.666724045741959,3.0603990930355707e-06,Cancer,9.457027240281592e-06,True,4.666724045741959
BC,Sig 4,-0.079215869307518,0.05001595616340637,-1.5838119549032121,0.11323651795410083,Cancer,0.16017739278379686,False,1.5838119549032121
BC,Sig 5,0.03684366121888161,0.011438190937042236,3.221109126580893,0.001276955156324533,Cancer,0.0028464635063580918,True,3.221109126580893
BC,Sig 6,0.3563130497932434,0.030198467895388603,11.799043945790823,0.0,Cancer,0.0,True,11.799043945790823
BC,Sig 7,0.04670991003513336,0.010647612623870373,4.386890440624845,1.149826696966727e-05,Cancer,3.285219134190649e-05,True,4.386890440624845
BC,Sig 8,0.030035877600312233,0.010890054516494274,2.7581016747730094,0.005813811168388527,Cancer,0.011468339839012987,True,2.7581016747730094
BC,Sig 9,0.05523313209414482,0.012452761642634869,4.435412294815119,9.189624010641495e-06,Cancer,2.657240677775854e-05,True,4.435412294815119
BC,Sig 10,0.0379878394305706,0.012629389762878418,3.007891920655447,0.0026306667665478844,Cancer,0.005538245824311336,True,3.007891920655447
BC,Sig 11,-0.06066638231277466,0.03884827345609665,-1.5616236428456767,0.11837667637580407,Cancer,0.16553723803916637,False,1.5616236428456767
BC,Sig 12,0.023160254582762718,0.05273186042904854,0.43920799293484375,0.6605108339932542,Cancer,0.7193163085968964,False,0.43920799293484375
BC,Sig 13,0.05979405716061592,0.009908515028655529,6.034613359084674,1.5934373820414294e-09,Cancer,5.9137882220094285e-09,True,6.034613359084674
BC,Sig 14,0.05054011940956116,0.012672697193920612,3.988110710465522,6.660158292648433e-05,Cancer,0.00017629830774657616,True,3.988110710465522
BC,Sig 15,0.047249965369701385,0.013317205011844635,3.5480391964887645,0.00038811045951892,Cancer,0.0009377165464886657,True,3.5480391964887645
BC,Sig 16,0.05844460055232048,0.010922066867351532,5.351056834034251,8.744205182154019e-08,Cancer,3.026840255361007e-07,True,5.351056834034251
BC,Sig 17,0.04030292481184006,0.010496641509234905,3.839601912324213,0.00012323396730717917,Cancer,0.0003146399165289681,True,3.839601912324213
BC,Sig 18,0.008988379500806332,0.010918828658759594,0.8231999770044413,0.4103942819604951,Cancer,0.48360700983888133,False,0.8231999770044413
BC,Sig 19,0.1455206274986267,0.010955169796943665,13.283283618226061,0.0,Cancer,0.0,True,13.283283618226061
BC,Sig 20,0.0,0.0,,,Cancer,,False,
CVD,Sig 0,0.11994621902704239,0.010077591985464096,11.902269827956186,0.0,Cardiovascular,0.0,True,11.902269827956186
CVD,Sig 1,0.05434475094079971,0.007859925739467144,6.914155774769949,4.706679490595889e-12,Cardiovascular,1.970237926295953e-11,True,6.914155774769949
CVD,Sig 2,0.06654582917690277,0.005922987125813961,11.235180452592623,0.0,Cardiovascular,0.0,True,11.235180452592623
CVD,Sig 3,0.06158207729458809,0.006557811982929707,9.390643930458687,0.0,Cardiovascular,0.0,True,9.390643930458687
CVD,Sig 4,0.06296010315418243,0.0644596740603447,0.9767362940005185,0.32869972214807053,Cardiovascular,0.3984239056340249,False,0.9767362940005185
CVD,Sig 5,0.168681800365448,0.007653336971998215,22.040294447064802,0.0,Cardiovascular,0.0,True,22.040294447064802
CVD,Sig 6,-0.10590627044439316,0.0435074046254158,-2.4342125520060485,0.014924228404094908,Cardiovascular,0.02706661070767842,True,2.4342125520060485
CVD,Sig 7,0.08076228946447372,0.005865707993507385,13.76854926189091,0.0,Cardiovascular,0.0,True,13.76854926189091
CVD,Sig 8,0.07805203646421432,0.008169843815267086,9.55367547153809,0.0,Cardiovascular,0.0,True,9.55367547153809
CVD,Sig 9,0.044864799827337265,0.011735660023987293,3.822946450019439,0.0001318664256741986,Cardiovascular,0.00033313623328218593,True,3.822946450019439
CVD,Sig 10,0.07472814619541168,0.01198772806674242,6.233720499777613,4.554854271532349e-10,Cardiovascular,1.735182579631371e-09,True,6.233720499777613
CVD,Sig 11,0.40362706780433655,0.06044217571616173,6.677904344472664,2.4238389073616418e-11,Cardiovascular,9.695355629446567e-11,True,6.677904344472664
CVD,Sig 12,0.13960887491703033,0.07923607528209686,1.7619357649908047,0.07808015102461363,Cardiovascular,0.11860276105004602,False,1.7619357649908047
CVD,Sig 13,0.03941715508699417,0.017078284174203873,2.308027825566479,0.020997588899046793,Cardiovascular,0.03723710346628988,True,2.308027825566479
CVD,Sig 14,0.050375957041978836,0.009586636908352375,5.254810161641638,1.4817723292814833e-07,Cardiovascular,5.008807873627549e-07,True,5.254810161641638
CVD,Sig 15,0.06631151586771011,0.020837955176830292,3.182246785012852,0.0014613723925991362,Cardiovascular,0.00322757092843981,True,3.182246785012852
CVD,Sig 16,0.06127779930830002,0.006992393638938665,8.76349394391375,0.0,Cardiovascular,0.0,True,8.76349394391375
CVD,Sig 17,0.05708972364664078,0.006535775493830442,8.734957879219015,0.0,Cardiovascular,0.0,True,8.734957879219015
CVD,Sig 18,0.08353592455387115,0.008934714831411839,9.34959046036739,0.0,Cardiovascular,0.0,True,9.34959046036739
CVD,Sig 19,0.06734712421894073,0.008379032835364342,8.037577312586377,8.881784197001252e-16,Cardiovascular,4.291868873718726e-15,True,8.037577312586377
CVD,Sig 20,0.0,0.0,,,Cardiovascular,,False,
CED,Sig 0,-0.02836785279214382,0.01274795737117529,-2.2252861353527154,0.026062035602793632,Other,0.04521606176870221,True,2.2252861353527154
CED,Sig 1,-0.019679991528391838,0.010448424145579338,-1.8835368141824829,0.0596276556480948,Other,0.09477243281816393,False,1.8835368141824829
CED,Sig 2,-0.014211882837116718,0.010637225583195686,-1.3360516542554244,0.18153239044757474,Other,0.23921794596403786,False,1.3360516542554244
CED,Sig 3,-0.0070851691998541355,0.010820521041750908,-0.6547900209718236,0.5126029564124308,Other,0.5858319501856352,False,0.6547900209718236
CED,Sig 4,-0.005631991662085056,0.07176453620195389,-0.07847875789562642,0.937447226844558,Other,0.949313647437527,False,0.07847875789562642
CED,Sig 5,-0.03182672709226608,0.010715685784816742,-2.970106415154686,0.002976966057966157,Other,0.006194842663975819,True,2.970106415154686
CED,Sig 6,0.004274468403309584,0.029741261154413223,0.1437218274341842,0.8857201343433949,Other,0.9110264238960634,False,0.1437218274341842
CED,Sig 7,-0.015161989256739616,0.011341013945639133,-1.3369165516783208,0.18124987740815168,Other,0.23921794596403786,False,1.3369165516783208
CED,Sig 8,-0.038054440170526505,0.012683926150202751,-3.0002098498435523,0.0026979366032544583,Other,0.005663307155519563,True,3.0002098498435523
CED,Sig 9,-0.013524395413696766,0.01181891467422247,-1.1443009604929308,0.2524988451066488,Other,0.31996027364766044,False,1.1443009604929308
CED,Sig 10,-0.015745390206575394,0.013983025215566158,-1.1260360303897141,0.260150268812088,Other,0.32746187682640454,False,1.1260360303897141
CED,Sig 11,-0.03147871047258377,0.045828383415937424,-0.6868824105551284,0.4921568320028802,Other,0.567873267695631,False,0.6868824105551284
CED,Sig 12,-0.10564323514699936,0.05562027916312218,-1.8993654245634175,0.05751644621808771,Other,0.09223127233190012,False,1.8993654245634175
CED,Sig 13,-0.010922488756477833,0.01302829384803772,-0.8383667795551712,0.4018247410325695,Other,0.47506373324047624,False,0.8383667795551712
CED,Sig 14,-0.019728435203433037,0.011331070214509964,-1.7410919560069318,0.08166746113925827,Other,0.12199288800885054,False,1.7410919560069318
CED,Sig 15,-0.0682913213968277,0.014703463762998581,-4.644573720695902,3.407793492726796e-06,Other,1.0440899211758695e-05,True,4.644573720695902
CED,Sig 16,-0.016436681151390076,0.010352798737585545,-1.5876558182974394,0.11236418879190069,Other,0.1592563305711978,False,1.5876558182974394
CED,Sig 17,-0.02007126808166504,0.011388275772333145,-1.7624501270356037,0.07799327569778858,Other,0.11860276105004602,False,1.7624501270356037
CED,Sig 18,-0.023435233160853386,0.012529287487268448,-1.870436222703561,0.06142326578771895,Other,0.09698410387534571,False,1.870436222703561
CED,Sig 19,-0.005880703218281269,0.01152082346379757,-0.5104412229525505,0.6097423829475543,Other,0.6733351468132502,False,0.5104412229525505
CED,Sig 20,0.0,0.0,,,Other,,False,
CAD,Sig 0,0.1802384853363037,0.010531686246395111,17.113924695392203,0.0,Cardiovascular,0.0,True,17.113924695392203
CAD,Sig 1,0.13130725920200348,0.00889279693365097,14.765574900864715,0.0,Cardiovascular,0.0,True,14.765574900864715
CAD,Sig 2,0.13049684464931488,0.010007441975176334,13.039980144078276,0.0,Cardiovascular,0.0,True,13.039980144078276
CAD,Sig 3,0.12445992231369019,0.00918711069971323,13.547232245451786,0.0,Cardiovascular,0.0,True,13.547232245451786
CAD,Sig 4,-0.058881841599941254,0.06222214922308922,-0.9463164216463861,0.3439872199789047,Cardiovascular,0.41416521469032,False,0.9463164216463861
CAD,Sig 5,0.3345182538032532,0.009353400208055973,35.76434733490144,0.0,Cardiovascular,0.0,True,35.76434733490144
CAD,Sig 6,0.21358339488506317,0.04004192724823952,5.3339938799887205,9.607576245684868e-08,Cardiovascular,3.2940261413776687e-07,True,5.3339938799887205
CAD,Sig 7,0.14579474925994873,0.008689072914421558,16.77909147453097,0.0,Cardiovascular,0.0,True,16.77909147453097
CAD,Sig 8,0.11657853424549103,0.010938161052763462,10.657964687404027,0.0,Cardiovascular,0.0,True,10.657964687404027
CAD,Sig 9,0.15737977623939514,0.012878483161330223,12.220365882214605,0.0,Cardiovascular,0.0,True,12.220365882214605
CAD,Sig 10,0.12675878405570984,0.012093665078282356,10.481420085242942,0.0,Cardiovascular,0.0,True,10.481420085242942
CAD,Sig 11,-0.032309480011463165,0.053987301886081696,-0.5984644329816522,0.5495300841016957,Cardiovascular,0.6182213446144077,False,0.5984644329816522
CAD,Sig 12,-0.010350747033953667,0.0716223418712616,-0.1445184109248862,0.885091119243302,Cardiovascular,0.9110264238960634,False,0.1445184109248862
CAD,Sig 13,0.15852411091327667,0.017439525574445724,9.089932534951714,0.0,Cardiovascular,0.0,True,9.089932534951714
CAD,Sig 14,0.15937282145023346,0.012696435675024986,12.552564005324259,0.0,Cardiovascular,0.0,True,12.552564005324259
CAD,Sig 15,0.1733839362859726,0.020476974546909332,8.467263359085539,0.0,Cardiovascular,0.0,True,8.467263359085539
CAD,Sig 16,0.14352993667125702,0.00974529143422842,14.72813179984914,0.0,Cardiovascular,0.0,True,14.72813179984914
CAD,Sig 17,0.11993221193552017,0.010554560460150242,11.363070247059152,0.0,Cardiovascular,0.0,True,11.363070247059152
CAD,Sig 18,0.10910475254058838,0.012234323658049107,8.917922689482477,0.0,Cardiovascular,0.0,True,8.917922689482477
CAD,Sig 19,0.10536067187786102,0.009368657134473324,11.246080453747341,0.0,Cardiovascular,0.0,True,11.246080453747341
CAD,Sig 20,0.0,0.0,,,Cardiovascular,,False,
CD,Sig 0,0.04499398544430733,0.012272331863641739,3.6662947143409172,0.00024609029923539083,Autoimmune,0.0006067979981146623,True,3.6662947143409172
CD,Sig 1,0.019512970000505447,0.011105130426585674,1.757113086559651,0.0788985355612779,Autoimmune,0.1195935696928844,False,1.757113086559651
CD,Sig 2,0.039032943546772,0.011549892835319042,3.3795069879272863,0.0007261596134346959,Autoimmune,0.0016703991107762974,True,3.3795069879272863
CD,Sig 3,0.03250802308320999,0.010779080912470818,3.0158436834442863,0.0025626533491074355,Autoimmune,0.00541135167241049,True,3.0158436834442863
CD,Sig 4,-0.11760170757770538,0.05845358222723007,-2.0118819599549145,0.04423238149679842,Autoimmune,0.0743791339718883,False,2.0118819599549145
CD,Sig 5,0.029654964804649353,0.010686558671295643,2.7749779622043635,0.005520544851784548,Autoimmune,0.010980089207969267,True,2.7749779622043635
CD,Sig 6,0.011838985607028008,0.02655722014605999,0.44579159798788015,0.6557477915338612,Autoimmune,0.7175564485965401,False,0.44579159798788015
CD,Sig 7,0.035033274441957474,0.010609305463731289,3.302127039486361,0.0009595460041571524,Autoimmune,0.0021725569905444962,True,3.302127039486361
CD,Sig 8,0.02292736992239952,0.011948996223509312,1.9187695345731695,0.0550135070377189,Autoimmune,0.08921109249359821,False,1.9187695345731695
CD,Sig 9,0.03128032386302948,0.012718591839075089,2.4594172262787404,0.01391627841428611,Autoimmune,0.02543076258448223,True,2.4594172262787404
CD,Sig 10,0.020016800612211227,0.011875327676534653,1.685578803165484,0.09187695477052205,Autoimmune,0.13411706629964767,False,1.685578803165484
CD,Sig 11,0.07093273103237152,0.0387829914689064,1.828964923689309,0.06740486306731364,Autoimmune,0.10527440652595622,False,1.828964923689309
CD,Sig 12,0.06070948764681816,0.05275336280465126,1.1508173966393174,0.24980736626701483,Autoimmune,0.31721570319620934,False,1.1508173966393174
CD,Sig 13,0.04097073897719383,0.011859907768666744,3.4545579760271306,0.0005511956929993289,Autoimmune,0.0012927065112687845,True,3.4545579760271306
CD,Sig 14,0.022290347144007683,0.013860051520168781,1.6082441765509572,0.10778171139393034,Autoimmune,0.1539738734199005,False,1.6082441765509572
CD,Sig 15,0.024292713031172752,0.01811099424958229,1.3413240983019492,0.17981524898011614,Autoimmune,0.23799077070897726,False,1.3413240983019492
CD,Sig 16,0.035930026322603226,0.011576477438211441,3.1037097868826664,0.0019111069187780494,Autoimmune,0.004157090578610863,True,3.1037097868826664
CD,Sig 17,0.04933677241206169,0.011954364366829395,4.127092909177159,3.673779932422683e-05,Autoimmune,9.944065982497486e-05,True,4.127092909177159
CD,Sig 18,0.026353323832154274,0.010745582170784473,2.4524798576111366,0.014187532222446508,Autoimmune,0.025860818228256924,True,2.4524798576111366
CD,Sig 19,0.04199019446969032,0.011515384539961815,3.646443097403464,0.00026589532418053174,Autoimmune,0.0006511722224829348,True,3.646443097403464
CD,Sig 20,0.0,0.0,,,Autoimmune,,False,
EOC,Sig 0,0.0257212333381176,0.013216213323175907,1.9461878156137908,0.051632182991303566,Other,0.08429744161845479,False,1.9461878156137908
EOC,Sig 1,0.02085551619529724,0.014273332431912422,1.4611525580857574,0.1439735792779222,Other,0.1982045450862409,False,1.4611525580857574
EOC,Sig 2,0.01977800950407982,0.013961243443191051,1.416636675992182,0.15658917978546372,Other,0.21192520572468773,False,1.416636675992182
EOC,Sig 3,0.025366952642798424,0.01409916952252388,1.7991806256584046,0.07199011313542947,Other,0.11122935935087815,False,1.7991806256584046
EOC,Sig 4,0.09869684278964996,0.05916151776909828,1.668260830880882,0.09526395986248648,Other,0.13800815110863232,False,1.668260830880882
EOC,Sig 5,0.02081293612718582,0.013485231436789036,1.5433873882509785,0.12273681182862273,Other,0.17126066766784567,False,1.5433873882509785
EOC,Sig 6,0.07803903520107269,0.025416888296604156,3.070361497064106,0.0021379982277636156,Other,0.004608858455059291,True,3.070361497064106
EOC,Sig 7,0.02380886860191822,0.013659470714628696,1.7430300997256036,0.08132835722187193,Other,0.12180313964111267,False,1.7430300997256036
EOC,Sig 8,0.03938038647174835,0.01364415604621172,2.8862456819146582,0.0038986768986006837,Other,0.007862877778690455,True,2.8862456819146582
EOC,Sig 9,0.01632717065513134,0.014568635262548923,1.120706940690802,0.26241262684212474,Other,0.32915869569047,False,1.120706940690802
EOC,Sig 10,0.022887444123625755,0.014131495729088783,1.619605211111051,0.10531710948120532,Other,0.15135392979334897,False,1.619605211111051
EOC,Sig 11,-0.0005974969826638699,0.03385356813669205,-0.01764945367800906,0.9859185044793612,Other,0.9860596219517754,False,0.01764945367800906
EOC,Sig 12,0.03590258210897446,0.05395212769508362,0.6654525714329905,0.5057610695064105,Other,0.5799347832167744,False,0.6654525714329905
EOC,Sig 13,0.03005785122513771,0.015275459736585617,1.9677215444552156,0.04910008552738443,Other,0.081082710045222,False,1.9677215444552156
EOC,Sig 14,0.03242342919111252,0.014460381120443344,2.24222507837459,0.024946829113300373,Other,0.04359640039217541,True,2.24222507837459
EOC,Sig 15,0.021667884662747383,0.02024945430457592,1.070047831256911,0.28459777946364895,Other,0.3514758168333229,False,1.070047831256911
EOC,Sig 16,0.0239377710968256,0.014589706435799599,1.6407301409497945,0.1008534453121579,Other,0.14581221008986683,False,1.6407301409497945
EOC,Sig 17,0.0206968542188406,0.012963643297553062,1.596530677664296,0.11037036216929685,Other,0.1569061896303798,False,1.596530677664296
EOC,Sig 18,0.017945898696780205,0.01375285629183054,1.3048852046422104,0.19193193995424496,Other,0.25080035710899523,False,1.3048852046422104
EOC,Sig 19,0.016948482021689415,0.013102221302688122,1.293557911299527,0.19581816845608246,Other,0.2554150023340206,False,1.293557911299527
EOC,Sig 20,0.0,0.0,,,Other,,False,
EBMDT,Sig 0,-0.012123742140829563,0.013194906525313854,-0.9188198580695279,0.35818980383696153,Other,0.43054534017130597,False,0.9188198580695279
EBMDT,Sig 1,-0.0068967766128480434,0.010621669702231884,-0.649311907279404,0.5161367908476007,Other,0.5880039389403046,False,0.649311907279404
EBMDT,Sig 2,-0.023441238328814507,0.011076385155320168,-2.1163256784687827,0.03431711825415196,Other,0.0586896084156518,False,2.1163256784687827
EBMDT,Sig 3,-0.019583333283662796,0.01043637003749609,-1.8764506445539237,0.060593425891172004,Other,0.09588410250910735,False,1.8764506445539237
EBMDT,Sig 4,-0.07650775462388992,0.07346969097852707,-1.0413512511744576,0.29771255855752976,Other,0.36572226017790727,False,1.0413512511744576
EBMDT,Sig 5,-0.01370200514793396,0.01086185872554779,-1.2614788586511407,0.2071363722574917,Other,0.2682341511248094,False,1.2614788586511407
EBMDT,Sig 6,-0.0177573524415493,0.030948489904403687,-0.5737712081073976,0.5661226345850938,Other,0.6358943789411351,False,0.5737712081073976
EBMDT,Sig 7,-0.024340521544218063,0.010812491178512573,-2.2511483378214865,0.024376143732219413,Other,0.042702733545493865,True,2.2511483378214865
EBMDT,Sig 8,-0.007504305336624384,0.012181379832327366,-0.6160472327370664,0.5378633467634251,Other,0.6079460120402921,False,0.6160472327370664
EBMDT,Sig 9,-0.0014359161723405123,0.012599856592714787,-0.11396289805161404,0.9092672048414294,Other,0.9272979992717127,False,0.11396289805161404
EBMDT,Sig 10,-0.02022148109972477,0.011934206821024418,-1.6944134958429506,0.09018673677603606,Other,0.1325192866913183,False,1.6944134958429506
EBMDT,Sig 11,0.0018055334221571684,0.037819571793079376,0.047740715628291804,0.9619228847017178,Other,0.9713667278895327,False,0.047740715628291804
EBMDT,Sig 12,-0.04993453249335289,0.05801544710993767,-0.8607109826927358,0.3893972427238115,Other,0.46265018937482555,False,0.8607109826927358
EBMDT,Sig 13,-0.020784888416528702,0.015106230042874813,-1.3759149938493327,0.16884795257377272,Other,0.22596752017307872,False,1.3759149938493327
EBMDT,Sig 14,-0.014462405815720558,0.011501524597406387,-1.2574338030787549,0.20859659532688424,Other,0.26930271877472856,False,1.2574338030787549
EBMDT,Sig 15,-0.020550895482301712,0.016347579658031464,-1.257121599172339,0.20870960705041464,Other,0.26930271877472856,False,1.257121599172339
EBMDT,Sig 16,-0.011733409948647022,0.010370999574661255,-1.131367315578187,0.257900522249187,Other,0.3251985569516894,False,1.131367315578187
EBMDT,Sig 17,-0.01646813191473484,0.010115263052284718,-1.6280478154263334,0.10351474741243294,Other,0.14935995618627598,False,1.6280478154263334
EBMDT,Sig 18,-0.019364560022950172,0.011111276224255562,-1.742784503968856,0.08137126412135443,Other,0.12180313964111267,False,1.742784503968856
EBMDT,Sig 19,-0.01178700290620327,0.010493460111320019,-1.1232713310157645,0.26132227583630074,Other,0.32836306911367635,False,1.1232713310157645
EBMDT,Sig 20,0.0,0.0,,,Other,,False,
HBA1C_DF,Sig 0,0.048775359988212585,0.010258704423904419,4.754534098336844,1.9890457056970234e-06,Metabolic,6.272520689055468e-06,True,4.754534098336844
HBA1C_DF,Sig 1,0.04149496182799339,0.008531905710697174,4.863504501223876,1.1532540173941896e-06,Metabolic,3.774285875108257e-06,True,4.863504501223876
HBA1C_DF,Sig 2,0.03950545936822891,0.008272778242826462,4.775355776336095,1.7938981882181793e-06,Metabolic,5.740474202298174e-06,True,4.775355776336095
HBA1C_DF,Sig 3,0.043183665722608566,0.009045684710144997,4.773952122626697,1.8064534450523695e-06,Metabolic,5.755072922290735e-06,True,4.773952122626697
HBA1C_DF,Sig 4,0.12998221814632416,0.05607079342007637,2.318180468261102,0.020439515078222392,Metabolic,0.036426858555247826,True,2.318180468261102
HBA1C_DF,Sig 5,0.054090093821287155,0.00947908591479063,5.706256310736463,1.1548805245453764e-08,Metabolic,4.157569888363355e-08,True,5.706256310736463
HBA1C_DF,Sig 6,0.024849195033311844,0.02306281588971615,1.0774571133090585,0.28127610053370944,Metabolic,0.3491703316970186,False,1.0774571133090585
HBA1C_DF,Sig 7,0.04288050904870033,0.00826769508421421,5.18651312269287,2.1426793228584984e-07,Metabolic,7.142264409528328e-07,True,5.18651312269287
HBA1C_DF,Sig 8,0.052449874579906464,0.00874583050608635,5.997129094075839,2.008363919614453e-09,Metabolic,7.415497549345674e-09,True,5.997129094075839
HBA1C_DF,Sig 9,0.05302088335156441,0.010133840143680573,5.232062337654699,1.6762919607948845e-07,Metabolic,5.639860802674378e-07,True,5.232062337654699
HBA1C_DF,Sig 10,0.045343030244112015,0.01098165474832058,4.128979765189422,3.6437646564912995e-05,Metabolic,9.900039821410322e-05,True,4.128979765189422
HBA1C_DF,Sig 11,0.07967648655176163,0.03583093360066414,2.223678775433437,0.026170064232898804,Metabolic,0.04529434194155563,True,2.223678775433437
HBA1C_DF,Sig 12,0.030350321903824806,0.06327084451913834,0.4796889014914975,0.6314486208248231,Metabolic,0.6951727935686126,False,0.4796889014914975
HBA1C_DF,Sig 13,0.04450352489948273,0.010093167424201965,4.4092724344163425,1.0371848181867094e-05,Metabolic,2.987092276377723e-05,True,4.4092724344163425
HBA1C_DF,Sig 14,0.043761756271123886,0.008531010709702969,5.129727034728758,2.901626237061805e-07,Metabolic,9.583352709561927e-07,True,5.129727034728758
HBA1C_DF,Sig 15,0.14699843525886536,0.013823090121150017,10.63426729989631,0.0,Metabolic,0.0,True,10.63426729989631
HBA1C_DF,Sig 16,0.03984609246253967,0.008264693431556225,4.821242650138656,1.4266668866280696e-06,Metabolic,4.6270277404153606e-06,True,4.821242650138656
HBA1C_DF,Sig 17,0.04901964217424393,0.008797338232398033,5.572099296321116,2.5168789052898433e-08,Metabolic,9.015685630888991e-08,True,5.572099296321116
HBA1C_DF,Sig 18,0.05087531358003616,0.008045008406043053,6.323835975338557,2.5514856893948945e-10,Metabolic,9.823902119595316e-10,True,6.323835975338557
HBA1C_DF,Sig 19,0.0478416308760643,0.008845701813697815,5.408460728574437,6.356872228607813e-08,Metabolic,2.2326575632183538e-07,True,5.408460728574437
HBA1C_DF,Sig 20,0.0,0.0,,,Metabolic,,False,
HEIGHT,Sig 0,0.10625602304935455,0.01052642147988081,10.094220837769237,0.0,Cardiovascular,0.0,True,10.094220837769237
HEIGHT,Sig 1,0.027116039767861366,0.009791763499379158,2.769270292279899,0.005618200527897077,Cardiovascular,0.011143538237151227,True,2.769270292279899
HEIGHT,Sig 2,0.0023494865745306015,0.00854154210537672,0.27506585409813167,0.7832656445217225,Cardiovascular,0.8208897584507135,False,0.27506585409813167
HEIGHT,Sig 3,0.04951939731836319,0.008895214647054672,5.566970476059253,2.5920629198594725e-08,Cardiovascular,9.239036149994159e-08,True,5.566970476059253
HEIGHT,Sig 4,0.1575145274400711,0.06847942620515823,2.300173003321781,0.02143842064990542,Cardiovascular,0.037740007012058444,True,2.300173003321781
HEIGHT,Sig 5,0.009311455301940441,0.008950086310505867,1.0403760342523611,0.2981652315617105,Cardiovascular,0.36572226017790727,False,1.0403760342523611
HEIGHT,Sig 6,0.13954445719718933,0.0304271150380373,4.586187583763467,4.514130542254691e-06,Cardiovascular,1.3542391626764072e-05,True,4.586187583763467
HEIGHT,Sig 7,0.024597439914941788,0.00862377043813467,2.8522837071556184,0.0043406340972216295,Cardiovascular,0.008729766899440149,True,2.8522837071556184
HEIGHT,Sig 8,0.03455077484250069,0.007690454367548227,4.492683161647278,7.033138306411502e-06,Cardiovascular,2.0584795043155613e-05,True,4.492683161647278
HEIGHT,Sig 9,0.06121847778558731,0.011279705911874771,5.427311515377296,5.720922957586083e-08,Cardiovascular,2.0191492791480293e-07,True,5.427311515377296
HEIGHT,Sig 10,0.04959098994731903,0.01099400408565998,4.510730536475149,6.460474626601709e-06,Cardiovascular,1.906369561948045e-05,True,4.510730536475149
HEIGHT,Sig 11,-0.0987488254904747,0.030588718131184578,-3.2282760286643812,0.0012453873938262916,Cardiovascular,0.002784717153897298,True,3.2282760286643812
HEIGHT,Sig 12,-0.07278498262166977,0.057227689772844315,-1.2718490456381781,0.20342675900892804,Cardiovascular,0.26438134744842634,False,1.2718490456381781
HEIGHT,Sig 13,0.03734821826219559,0.010750642977654934,3.474045072450397,0.000512674907117372,Cardiovascular,0.0012121431090478633,True,3.474045072450397
HEIGHT,Sig 14,0.030534666031599045,0.011291725561022758,2.7041629613280596,0.0068476697484258775,Cardiovascular,0.013361306826196835,True,2.7041629613280596
HEIGHT,Sig 15,0.017240941524505615,0.01291919220238924,1.334521636834006,0.1820329606791371,Cardiovascular,0.23921794596403786,False,1.334521636834006
HEIGHT,Sig 16,0.046398505568504333,0.010402563028037548,4.460295548649749,8.184670539312933e-06,Cardiovascular,2.3761946727037547e-05,True,4.460295548649749
HEIGHT,Sig 17,0.028037365525960922,0.00799281895160675,3.507819418369877,0.00045179561547881164,Cardiovascular,0.0010735737397516317,True,3.507819418369877
HEIGHT,Sig 18,0.029881903901696205,0.009648896753787994,3.0969244115877883,0.0019553972764516647,Cardiovascular,0.0042406205995337305,True,3.0969244115877883
HEIGHT,Sig 19,0.04806411266326904,0.009064306505024433,5.302569218795353,1.1418414924690978e-07,Cardiovascular,3.896331159136258e-07,True,5.302569218795353
HEIGHT,Sig 20,0.0,0.0,,,Cardiovascular,,False,
HDL,Sig 0,-0.07799006253480911,0.009870126843452454,-7.901627179851836,2.6645352591003757e-15,Other,1.2457567445144614e-14,True,7.901627179851836
HDL,Sig 1,-0.06499750912189484,0.00871172547340393,-7.460922560097428,8.593126210598712e-14,Other,3.8191672047105385e-13,True,7.460922560097428
HDL,Sig 2,-0.07086967676877975,0.008179178461432457,-8.664644878816842,0.0,Other,0.0,True,8.664644878816842
HDL,Sig 3,-0.06917119026184082,0.008725490421056747,-7.927484522235424,2.220446049250313e-15,Other,1.0449157878825003e-14,True,7.927484522235424
HDL,Sig 4,-0.0013371914392337203,0.05239178240299225,-0.025522923212426333,0.9796378643619859,Other,0.9837367675601532,False,0.025522923212426333
HDL,Sig 5,-0.1011149138212204,0.009817542508244514,-10.299411867716055,0.0,Other,0.0,True,10.299411867716055
HDL,Sig 6,-0.04654733091592789,0.027143564075231552,-1.7148570020840497,0.08637144761970927,Other,0.12797651186932998,False,1.7148570020840497
HDL,Sig 7,-0.07792399823665619,0.009153811261057854,-8.51273813872048,0.0,Other,0.0,True,8.51273813872048
HDL,Sig 8,-0.06958585977554321,0.009256470948457718,-7.517536668457581,5.573319583618286e-14,Other,2.4924162113075564e-13,True,7.517536668457581
HDL,Sig 9,-0.0751415342092514,0.012325387448072433,-6.096484554812334,1.084264233952581e-09,Other,4.065990877322179e-09,True,6.096484554812334
HDL,Sig 10,-0.05714679881930351,0.00997465755790472,-5.729199071502539,1.0090592361677864e-08,Other,3.6508675881447544e-08,True,5.729199071502539
HDL,Sig 11,-0.11445733159780502,0.03770548477768898,-3.0355618624888097,0.002400879656304422,Other,0.005144742120652333,True,3.0355618624888097
HDL,Sig 12,-0.03754337131977081,0.05287057161331177,-0.710099591779676,0.47764237945236854,Other,0.554681472912428,False,0.710099591779676
HDL,Sig 13,-0.047204386442899704,0.011359703727066517,-4.155424082973823,3.2468474273850134e-05,Other,8.922634151592404e-05,True,4.155424082973823
HDL,Sig 14,-0.07953213155269623,0.009411540813744068,-8.450490002290817,0.0,Other,0.0,True,8.450490002290817
HDL,Sig 15,-0.15192356705665588,0.014179776422679424,-10.714101726855596,0.0,Other,0.0,True,10.714101726855596
HDL,Sig 16,-0.07474558055400848,0.009226638823747635,-8.101062801074146,4.440892098500626e-16,Other,2.1900289800825006e-15,True,8.101062801074146
HDL,Sig 17,-0.07252933084964752,0.009044524282217026,-8.019142697449741,1.1102230246251565e-15,Other,5.329070518200751e-15,True,8.019142697449741
HDL,Sig 18,-0.05927801877260208,0.008421608246862888,-7.0388003140235815,1.9391155348102984e-12,Other,8.212724618020087e-12,True,7.0388003140235815
HDL,Sig 19,-0.06482402980327606,0.009993407875299454,-6.486679080066429,8.774891924190342e-11,Other,3.4336533616396997e-10,True,6.486679080066429
HDL,Sig 20,0.0,0.0,,,Other,,False,
HT,Sig 0,0.1855778843164444,0.0096408287063241,19.249163113406503,0.0,Cardiovascular,0.0,True,19.249163113406503
HT,Sig 1,0.12879450619220734,0.006664526183158159,19.32538077765863,0.0,Cardiovascular,0.0,True,19.32538077765863
HT,Sig 2,0.14133428037166595,0.00733646284788847,19.264635193013184,0.0,Cardiovascular,0.0,True,19.264635193013184
HT,Sig 3,0.13548915088176727,0.0069654094986617565,19.451713629729653,0.0,Cardiovascular,0.0,True,19.451713629729653
HT,Sig 4,0.035497087985277176,0.055196575820446014,0.6431030812626656,0.5201572152905678,Cardiovascular,0.5907148186265123,False,0.6431030812626656
HT,Sig 5,0.20884346961975098,0.007912011817097664,26.39574793966376,0.0,Cardiovascular,0.0,True,26.39574793966376
HT,Sig 6,0.04944490268826485,0.027971064671874046,1.7677161476796965,0.07710836909031737,Cardiovascular,0.11787266612532592,False,1.7677161476796965
HT,Sig 7,0.21780118346214294,0.006859688088297844,31.750887308374384,0.0,Cardiovascular,0.0,True,31.750887308374384
HT,Sig 8,0.13235406577587128,0.007853945717215538,16.851920110137304,0.0,Cardiovascular,0.0,True,16.851920110137304
HT,Sig 9,0.14643076062202454,0.010601825080811977,13.811844612211772,0.0,Cardiovascular,0.0,True,13.811844612211772
HT,Sig 10,0.12330694496631622,0.010395774617791176,11.86125608718859,0.0,Cardiovascular,0.0,True,11.86125608718859
HT,Sig 11,0.16766920685768127,0.043039511889219284,3.8957041912847474,9.79138320420514e-05,Cardiovascular,0.0002517784252509893,True,3.8957041912847474
HT,Sig 12,0.005198007915169001,0.055593617260456085,0.09350008456575752,0.9255062825164861,Cardiovascular,0.9398653362649788,False,0.09350008456575752
HT,Sig 13,0.14672544598579407,0.010227878578007221,14.345638234432556,0.0,Cardiovascular,0.0,True,14.345638234432556
HT,Sig 14,0.12532125413417816,0.0085010826587677,14.741799270111377,0.0,Cardiovascular,0.0,True,14.741799270111377
HT,Sig 15,0.1642087996006012,0.01620515249669552,10.133122760435974,0.0,Cardiovascular,0.0,True,10.133122760435974
HT,Sig 16,0.14702002704143524,0.007534639909863472,19.512548549131562,0.0,Cardiovascular,0.0,True,19.512548549131562
HT,Sig 17,0.13754579424858093,0.00714443065226078,19.25217010890238,0.0,Cardiovascular,0.0,True,19.25217010890238
HT,Sig 18,0.12512092292308807,0.008693360723555088,14.39269885397333,0.0,Cardiovascular,0.0,True,14.39269885397333
HT,Sig 19,0.14750921726226807,0.007939805276691914,18.578442684897578,0.0,Cardiovascular,0.0,True,18.578442684897578
HT,Sig 20,0.0,0.0,,,Cardiovascular,,False,
IOP,Sig 0,-0.009667545557022095,0.012739592231810093,-0.7588583198826994,0.4479373142448986,Other,0.5235630945719594,False,0.7588583198826994
IOP,Sig 1,-0.00808254349976778,0.011244919151067734,-0.7187729312398233,0.4722808385383792,Other,0.5493412015309096,False,0.7187729312398233
IOP,Sig 2,-0.009576494805514812,0.011365688405930996,-0.8425793901333313,0.39946372163847377,Other,0.47304914404556103,False,0.8425793901333313
IOP,Sig 3,-0.012358290143311024,0.011515024118125439,-1.0732318071186864,0.283167122940712,Other,0.3509127857440837,False,1.0732318071186864
IOP,Sig 4,-0.048572082072496414,0.05323808267712593,-0.9123559608085906,0.36158136448276346,Other,0.43356138625295143,False,0.9123559608085906
IOP,Sig 5,-0.00657011428847909,0.011789415031671524,-0.5572892523360057,0.5773298176828281,Other,0.6444611918319941,False,0.5572892523360057
IOP,Sig 6,-0.0010323430178686976,0.022792702540755272,-0.045292699100634576,0.9638740067418421,Other,0.9714242856131194,False,0.045292699100634576
IOP,Sig 7,-0.008848942816257477,0.011259874328970909,-0.7858829110987264,0.43193608697419084,Other,0.5056812725551503,False,0.7858829110987264
IOP,Sig 8,-0.00869709812104702,0.012859835289418697,-0.6762993401791971,0.49885061160752886,Other,0.5746759045718732,False,0.6762993401791971
IOP,Sig 9,0.004063302185386419,0.01312584150582552,0.30956508072896066,0.7568917141803178,Other,0.8014147561909247,False,0.30956508072896066
IOP,Sig 10,0.02776182070374489,0.013612964190542698,2.039366321335936,0.04141348104583065,Other,0.06999461585210813,False,2.039366321335936
IOP,Sig 11,0.0468427836894989,0.03680038824677467,1.2728883014869927,0.20305768106181854,Other,0.2643788975850078,False,1.2728883014869927
IOP,Sig 12,-0.05352137237787247,0.0524175688624382,-1.0210578922179894,0.3072270113388327,Other,0.37555763695069533,False,1.0210578922179894
IOP,Sig 13,-0.008005855605006218,0.012356093153357506,-0.6479277475203233,0.517031683100531,Other,0.5880929096878078,False,0.6479277475203233
IOP,Sig 14,-0.003682411042973399,0.012030458077788353,-0.3060906757800168,0.7595356070882529,Other,0.8030332409743642,False,0.3060906757800168
IOP,Sig 15,0.0010002369526773691,0.016860028728842735,0.05932593406357884,0.9526925050937831,Other,0.9633969152633761,False,0.05932593406357884
IOP,Sig 16,-0.011673375964164734,0.011928163468837738,-0.9786398379483451,0.32775796792863754,Other,0.3979523388003694,False,0.9786398379483451
IOP,Sig 17,-0.007423130329698324,0.011429596692323685,-0.6494656399104465,0.5160374486244514,Other,0.5880039389403046,False,0.6494656399104465
IOP,Sig 18,-0.012104691937565804,0.01129820104688406,-1.0713822392905785,0.2839975954084384,Other,0.3513372314331196,False,1.0713822392905785
IOP,Sig 19,-0.005049289204180241,0.012791178189218044,-0.39474778081321654,0.6930290364179441,Other,0.7447476212252534,False,0.39474778081321654
IOP,Sig 20,0.0,0.0,,,Other,,False,
ISS,Sig 0,0.07287804782390594,0.009007526561617851,8.090794662149321,6.661338147750939e-16,Other,3.2406509907977543e-15,True,8.090794662149321
ISS,Sig 1,0.05477507784962654,0.007194308564066887,7.613668132502593,2.6645352591003757e-14,Other,1.206582004120925e-13,True,7.613668132502593
ISS,Sig 2,0.04845580458641052,0.007743348833173513,6.2577323623623355,3.9061531786899195e-10,Other,1.4959735577961393e-09,True,6.2577323623623355
ISS,Sig 3,0.05328023433685303,0.006233382970094681,8.547563111791884,0.0,Other,0.0,True,8.547563111791884
ISS,Sig 4,-0.12429199367761612,0.07420335710048676,-1.6750184699770247,0.09393060784688778,Other,0.1363508823583855,False,1.6750184699770247
ISS,Sig 5,0.05775066465139389,0.0054321493953466415,10.631273267422472,0.0,Other,0.0,True,10.631273267422472
ISS,Sig 6,0.060158152133226395,0.03236060589551926,1.8589933800206153,0.06302807673244826,Other,0.09930025218241302,False,1.8589933800206153
ISS,Sig 7,0.07162509858608246,0.006553363986313343,10.929516311877533,0.0,Other,0.0,True,10.929516311877533
ISS,Sig 8,0.020852262154221535,0.00932514388114214,2.236133020573572,0.02534305903320222,Other,0.0440748852751343,True,2.236133020573572
ISS,Sig 9,0.09048396348953247,0.011529742740094662,7.847873584800348,4.218847493575595e-15,Other,1.9471603816502746e-14,True,7.847873584800348
ISS,Sig 10,0.041690416634082794,0.010527069680392742,3.960305944562477,7.485380043803502e-05,Other,0.0001966961179393621,True,3.960305944562477
ISS,Sig 11,0.41932493448257446,0.04875648021697998,8.600393888493615,0.0,Other,0.0,True,8.600393888493615
ISS,Sig 12,-0.12260644137859344,0.07264380156993866,-1.6877756770555665,0.09145429833833418,Other,0.1338355585439037,False,1.6877756770555665
ISS,Sig 13,0.052859432995319366,0.013454998843371868,3.928609255983601,8.543853267517498e-05,Other,0.00022207849648420933,True,3.928609255983601
ISS,Sig 14,0.11062274873256683,0.010270558297634125,10.770860310295824,0.0,Other,0.0,True,10.770860310295824
ISS,Sig 15,0.08404947817325592,0.019558371976017952,4.297365766246575,1.728398632350192e-05,Other,4.861121153484915e-05,True,4.297365766246575
ISS,Sig 16,0.06475047767162323,0.008699280209839344,7.44319944981046,9.836575998178887e-14,Other,4.318496779688292e-13,True,7.44319944981046
ISS,Sig 17,0.03903545066714287,0.006656027864664793,5.864676569996413,4.500090078352059e-09,Other,1.644702972798722e-08,True,5.864676569996413
ISS,Sig 18,0.016304384917020798,0.008487595245242119,1.9209663568913147,0.054735949038574816,Other,0.08896136186856403,False,1.9209663568913147
ISS,Sig 19,0.02881338633596897,0.008042329922318459,3.582716279272287,0.00034003987411335146,Other,0.0008243390887596399,True,3.582716279272287
ISS,Sig 20,0.0,0.0,,,Other,,False,
LDL_SF,Sig 0,0.03615543991327286,0.011719300411641598,3.0851193026298005,0.002034705191735542,Cardiovascular,0.004399362576725496,True,3.0851193026298005
LDL_SF,Sig 1,0.003550901310518384,0.008507758378982544,0.41737213873991585,0.6764062305280536,Cardiovascular,0.7301536521442258,False,0.41737213873991585
LDL_SF,Sig 2,0.016424067318439484,0.008964973501861095,1.832026309395104,0.06694750097500357,Cardiovascular,0.10478739283044038,False,1.832026309395104
LDL_SF,Sig 3,0.01584857515990734,0.009312981739640236,1.7017723864365246,0.08879804481936593,Cardiovascular,0.13101350874988416,False,1.7017723864365246
LDL_SF,Sig 4,0.0811535120010376,0.05182483047246933,1.5659194880366933,0.11736746690192557,Cardiovascular,0.16504800033083283,False,1.5659194880366933
LDL_SF,Sig 5,0.137983039021492,0.010044562630355358,13.737087825456708,0.0,Cardiovascular,0.0,True,13.737087825456708
LDL_SF,Sig 6,0.04256286472082138,0.024102864786982536,1.7658840597159517,0.07741530200356506,Cardiovascular,0.11809113864950602,False,1.7658840597159517
LDL_SF,Sig 7,0.013963093981146812,0.00922948308289051,1.5128793081631413,0.13031031876607346,Cardiovascular,0.180777320831547,False,1.5128793081631413
LDL_SF,Sig 8,0.002207022625952959,0.009399271570146084,0.23480783691396814,0.8143578848058175,Cardiovascular,0.850998079913191,False,0.23480783691396814
LDL_SF,Sig 9,0.01076153852045536,0.012051465921103954,0.8929651040717184,0.37187586044723986,Cardiovascular,0.4447684709667985,False,0.8929651040717184
LDL_SF,Sig 10,0.005590969696640968,0.009249312803149223,0.6044740637096135,0.5455285077864633,Cardiovascular,0.6156434570630934,False,0.6044740637096135
LDL_SF,Sig 11,0.014460107311606407,0.03329983726143837,0.43423957895287957,0.6641144747409871,Cardiovascular,0.7212102893114792,False,0.43423957895287957
LDL_SF,Sig 12,-0.04562718793749809,0.04726240411400795,-0.965401333106853,0.3343438340225391,Cardiovascular,0.4039053028460204,False,0.965401333106853
LDL_SF,Sig 13,-0.004868157207965851,0.012090524658560753,-0.4026423455924164,0.687211353219324,Cardiovascular,0.7395996626575685,False,0.4026423455924164
LDL_SF,Sig 14,0.020220313221216202,0.01016123779118061,1.9899458743861214,0.04659689818034041,Cardiovascular,0.07720813928605696,False,1.9899458743861214
LDL_SF,Sig 15,0.0002595345431473106,0.013822314329445362,0.01877648973691982,0.9850194089889661,Cardiovascular,0.9860596219517754,False,0.01877648973691982
LDL_SF,Sig 16,0.016337908804416656,0.009311528876423836,1.7545892861679397,0.0793295853671443,Cardiovascular,0.11999433080744515,False,1.7545892861679397
LDL_SF,Sig 17,0.01857719011604786,0.009238205850124359,2.0109088731550386,0.044335082952728255,Cardiovascular,0.0743791339718883,False,2.0109088731550386
LDL_SF,Sig 18,0.004730988293886185,0.009207246825098991,0.5138331125206171,0.6073686751237366,Cardiovascular,0.6727776093678313,False,0.5138331125206171
LDL_SF,Sig 19,0.012085851281881332,0.008556501939892769,1.4124757251013718,0.15780993338779492,Cardiovascular,0.21246881869697493,False,1.4124757251013718
LDL_SF,Sig 20,0.0,0.0,,,Cardiovascular,,False,
MEL,Sig 0,0.017851904034614563,0.012535938061773777,1.4240580917554886,0.1544296565362937,Cancer,0.20979123152100276,False,1.4240580917554886
MEL,Sig 1,0.011963780038058758,0.011957837268710136,1.000496976937809,0.31707005988688985,Cancer,0.38627824554748,False,1.000496976937809
MEL,Sig 2,0.010777480900287628,0.012591484934091568,0.8559340662916963,0.39203425049132146,Cancer,0.46501591491557076,False,0.8559340662916963
MEL,Sig 3,0.018476082012057304,0.011780043132603168,1.5684222718100045,0.11678261676125423,Cancer,0.1645469355540177,False,1.5684222718100045
MEL,Sig 4,-0.06537261605262756,0.0546501949429512,-1.1962009672768668,0.23161814349636156,Cancer,0.2951594041015581,False,1.1962009672768668
MEL,Sig 5,0.01844576559960842,0.012007162906229496,1.536230143928378,0.12448194538850954,Cancer,0.17335976920643495,False,1.536230143928378
MEL,Sig 6,0.032425619661808014,0.02291260100901127,1.4151871997882468,0.1570136165197793,Cancer,0.2121009453925724,False,1.4151871997882468
MEL,Sig 7,0.014290930703282356,0.011599353514611721,1.2320454485053889,0.21793210730547274,Cancer,0.27870535925389056,False,1.2320454485053889
MEL,Sig 8,0.029198667034506798,0.011496389284729958,2.5398119628125184,0.011091208177993028,Cancer,0.02063480591254517,True,2.5398119628125184
MEL,Sig 9,0.005030249245464802,0.013271869160234928,0.3790158857605676,0.7046760672792107,Cancer,0.7516544717644914,False,0.3790158857605676
MEL,Sig 10,-0.0012270469451323152,0.012844420038163662,-0.09553151808228652,0.9238926569236987,Cancer,0.9395518544986767,False,0.09553151808228652
MEL,Sig 11,-0.029014844447374344,0.03299606218934059,-0.879342640369602,0.379215522629061,Cancer,0.45204499386245683,False,0.879342640369602
MEL,Sig 12,-0.0021112444810569286,0.04767545685172081,-0.044283675930432635,0.964678283629695,Cancer,0.9714242856131194,False,0.044283675930432635
MEL,Sig 13,0.02185104787349701,0.011564713902771473,1.889458576944167,0.058830408239162635,Cancer,0.09391994219999357,False,1.889458576944167
MEL,Sig 14,0.011758498847484589,0.012896706350147724,0.9117443266706543,0.3619033238028109,Cancer,0.43356138625295143,False,0.9117443266706543
MEL,Sig 15,0.0077071525156497955,0.013877424411475658,0.5553734098725496,0.578639276219993,Cancer,0.6449230323194968,False,0.5553734098725496
MEL,Sig 16,0.016507789492607117,0.01208137534558773,1.3663832982919422,0.17181868820117074,Cancer,0.22951661503681434,False,1.3663832982919422
MEL,Sig 17,0.007713682018220425,0.01113925687968731,0.69247725423107,0.48863766530056263,Cancer,0.5656255932739631,False,0.69247725423107
MEL,Sig 18,0.01043595653027296,0.01291690580546856,0.8079300637041688,0.41913084340024076,Cancer,0.4930951098826362,False,0.8079300637041688
MEL,Sig 19,0.13463649153709412,0.011744621209800243,11.463672529919256,0.0,Cancer,0.0,True,11.463672529919256
MEL,Sig 20,0.0,0.0,,,Cancer,,False,
MS,Sig 0,0.03724886476993561,0.011665862053632736,3.1929800471398813,0.0014081267600389857,Neurological,0.0031291705778644127,True,3.1929800471398813
MS,Sig 1,0.026695113629102707,0.009555808268487453,2.7936008005870296,0.0052124780915216995,Neurological,0.01039607818807652,True,2.7936008005870296
MS,Sig 2,0.0284553375095129,0.010496566072106361,2.7109187246608477,0.00670970706690599,Neurological,0.013127687739598676,True,2.7109187246608477
MS,Sig 3,0.04511866718530655,0.01068427786231041,4.2229028266352024,2.411758194309499e-05,Neurological,6.704501544026406e-05,True,4.2229028266352024
MS,Sig 4,0.0366874523460865,0.05225246399641037,0.7021190876014354,0.4826048996034138,Neurological,0.5595419125836681,False,0.7021190876014354
MS,Sig 5,0.03271635249257088,0.01004693005234003,3.2563531668015258,0.0011285328397556693,Neurological,0.002539198889450256,True,3.2563531668015258
MS,Sig 6,0.0028591067530214787,0.027372166514396667,0.10445306737110863,0.916809811284498,Neurological,0.9336677003180178,False,0.10445306737110863
MS,Sig 7,0.03525197505950928,0.010392025113105774,3.3922141907693897,0.0006933022015478407,Neurological,0.0016050726209467694,True,3.3922141907693897
MS,Sig 8,0.020299285650253296,0.010627802461385727,1.910017214189596,0.05613099693734269,Neurological,0.09021053079215789,False,1.910017214189596
MS,Sig 9,0.039448611438274384,0.011750075966119766,3.3573069273782337,0.0007870569032562003,Neurological,0.0017989872074427435,True,3.3573069273782337
MS,Sig 10,0.020814476534724236,0.012320940382778645,1.6893577834218942,0.09115088609477406,Neurological,0.1336632138253306,False,1.6893577834218942
MS,Sig 11,-0.012316586449742317,0.04195472598075867,-0.29356851133745854,0.7690876403434574,Neurological,0.8095659372036395,False,0.29356851133745854
MS,Sig 12,-0.030315572395920753,0.06921038776636124,-0.4380205540569912,0.661371383737702,Neurological,0.7193163085968964,False,0.4380205540569912
MS,Sig 13,0.03229803591966629,0.01244235597550869,2.5958135246444614,0.009436726459947753,Neurological,0.017740060185802563,True,2.5958135246444614
MS,Sig 14,0.05759500339627266,0.012506837956607342,4.605081124109817,4.123051003945832e-06,Neurological,1.2473095474121846e-05,True,4.605081124109817
MS,Sig 15,0.03997896984219551,0.016938526183366776,2.3602389847502727,0.01826316538515349,Neurological,0.03262898034072088,True,2.3602389847502727
MS,Sig 16,0.04705366864800453,0.010396494530141354,4.525916741608172,6.013425287720864e-06,Neurological,1.781755640806182e-05,True,4.525916741608172
MS,Sig 17,0.02419860288500786,0.010242452844977379,2.3625788911368235,0.01814827829663801,Neurological,0.032504379038754645,True,2.3625788911368235
MS,Sig 18,0.019755732268095016,0.009861915372312069,2.0032348202419628,0.04515208985670749,Neurological,0.07542808514345567,False,2.0032348202419628
MS,Sig 19,0.011380075477063656,0.010261043906211853,1.1090563086056342,0.26740589150917216,Neurological,0.33483868154191987,False,1.1090563086056342
MS,Sig 20,0.0,0.0,,,Neurological,,False,
OP,Sig 0,0.048906970769166946,0.014079517684876919,3.473625436878343,0.0005134772892494421,Other,0.0012121431090478633,True,3.473625436878343
OP,Sig 1,0.0226291511207819,0.012714766897261143,1.7797535183799862,0.07511630763240773,Other,0.11531714604548735,False,1.7797535183799862
OP,Sig 2,0.04414355009794235,0.012136893346905708,3.6371375142055373,0.000275684765793649,Other,0.0006728577334624654,True,3.6371375142055373
OP,Sig 3,0.03690832480788231,0.012444850988686085,2.965750641886878,0.0030194519631092653,Other,0.0062471419926398595,True,2.965750641886878
OP,Sig 4,-0.007848076522350311,0.06606339663267136,-0.11879614010747186,0.9054368667778496,Other,0.9260149773864371,False,0.11879614010747186
OP,Sig 5,0.036134324967861176,0.013440997339785099,2.688366350680262,0.007180257242948018,Other,0.013897272083125195,True,2.688366350680262
OP,Sig 6,0.014635403640568256,0.024384088814258575,0.6002030156652898,0.5483709441122311,Other,0.6178827539292745,False,0.6002030156652898
OP,Sig 7,0.042680494487285614,0.01235951017588377,3.4532512923177987,0.0005538727779588193,Other,0.0012947675328907463,True,3.4532512923177987
OP,Sig 8,0.035514332354068756,0.013546817936003208,2.6215995905343026,0.008751818773204967,Other,0.016582393465019937,True,2.6215995905343026
OP,Sig 9,0.015566525980830193,0.014912187121808529,1.0438794694350848,0.296541158005889,Other,0.3649737329303249,False,1.0438794694350848
OP,Sig 10,0.02717697247862816,0.014427371323108673,1.883709226718116,0.05960431769608676,Other,0.09477243281816393,False,1.883709226718116
OP,Sig 11,0.05948333069682121,0.03781775385141373,1.5728943323956182,0.11574328766801467,Other,0.1634022884724913,False,1.5728943323956182
OP,Sig 12,0.1264423429965973,0.07226776331663132,1.7496368670302893,0.08018099391824407,Other,0.12062667239532861,False,1.7496368670302893
OP,Sig 13,0.03637120500206947,0.01465312298387289,2.482146982735307,0.013059339507329737,Other,0.023986541952238295,True,2.482146982735307
OP,Sig 14,0.053973011672496796,0.01339664775878191,4.028844576966342,5.605165866384709e-05,Other,0.00015002674437907028,True,4.028844576966342
OP,Sig 15,0.013204703107476234,0.016760898754000664,0.7878278665888606,0.4307973986827305,Other,0.5051695880318664,False,0.7878278665888606
OP,Sig 16,0.043220557272434235,0.012909489683806896,3.3479679159315046,0.0008140643519216617,Other,0.0018489789696643421,True,3.3479679159315046
OP,Sig 17,0.03932274132966995,0.012635694816708565,3.1120363304178804,0.001858016318469824,Other,0.004053853785752343,True,3.1120363304178804
OP,Sig 18,0.027111876755952835,0.011757023632526398,2.30601533205619,0.02110977564740746,Other,0.03725254526013081,True,2.30601533205619
OP,Sig 19,0.037149906158447266,0.014144574292004108,2.626442153119307,0.008628265682311564,Other,0.0163914282091407,True,2.626442153119307
OP,Sig 20,0.0,0.0,,,Other,,False,
PD,Sig 0,-0.04413079842925072,0.011866018176078796,-3.7190907492637963,0.0001999412137636547,Neurological,0.0004964057721028668,True,3.7190907492637963
PD,Sig 1,-0.03202540799975395,0.010944844223558903,-2.9260725274480284,0.0034327089942294275,Neurological,0.0070015594216577565,True,2.9260725274480284
PD,Sig 2,-0.02768808975815773,0.010601608082652092,-2.6116877309834767,0.00900965067037962,Neurological,0.0170261115030796,True,2.6116877309834767
PD,Sig 3,-0.02577856183052063,0.011406558565795422,-2.2599771597914025,0.023822668425290683,Neurological,0.04183492991758364,True,2.2599771597914025
PD,Sig 4,0.06579240411520004,0.05256634205579758,1.2516070462990063,0.21071308575441883,Neurological,0.270433906850591,False,1.2516070462990063
PD,Sig 5,-0.032647762447595596,0.01157340407371521,-2.820929973554034,0.00478846543714595,Neurological,0.009603607561964022,True,2.820929973554034
PD,Sig 6,-0.026593957096338272,0.018830902874469757,-1.4122507706411347,0.1578761361151133,Neurological,0.21246881869697493,False,1.4122507706411347
PD,Sig 7,-0.03205627575516701,0.01085289940237999,-2.9537061541487444,0.0031398281635399705,Neurological,0.006459075079282225,True,2.9537061541487444
PD,Sig 8,-0.023670684546232224,0.012351995334029198,-1.9163450038732237,0.05532119606508212,Neurological,0.08950845206035758,False,1.9163450038732237
PD,Sig 9,-0.027697626501321793,0.012729942798614502,-2.1757856213098097,0.029571294341066867,Neurological,0.05081463466722707,False,2.1757856213098097
PD,Sig 10,-0.033876337110996246,0.01061676349490881,-3.190834676428593,0.0014186243084848282,Neurological,0.003142798468027927,True,3.190834676428593
PD,Sig 11,-0.020797500386834145,0.03652153164148331,-0.5694586029686421,0.5690449565319531,Neurological,0.6371887538149397,False,0.5694586029686421
PD,Sig 12,-0.05197328329086304,0.06256894022226334,-0.8306562825938653,0.40616782978801824,Neurological,0.4794112089301199,False,0.8306562825938653
PD,Sig 13,-0.01904281973838806,0.011931568384170532,-1.5960030672624683,0.11048810853139246,Neurological,0.1569061896303798,False,1.5960030672624683
PD,Sig 14,-0.04853656142950058,0.011437831446528435,-4.243510813776872,2.200497639415211e-05,Neurological,6.140923644879659e-05,True,4.243510813776872
PD,Sig 15,-0.06991332769393921,0.01513677928596735,-4.618771693312118,3.860182974824156e-06,Neurological,1.1727138151364524e-05,True,4.618771693312118
PD,Sig 16,-0.029382342472672462,0.011105058714747429,-2.645852059625128,0.008148544478563835,Neurological,0.015562206961713424,True,2.645852059625128
PD,Sig 17,-0.02489319071173668,0.011411755345761776,-2.181363861869137,0.029156514346637685,Neurological,0.050221747199950074,False,2.181363861869137
PD,Sig 18,-0.02805466577410698,0.010519950650632381,-2.666805834533125,0.007657589813565346,Neurological,0.014702572442045463,True,2.666805834533125
PD,Sig 19,-0.027227243408560753,0.01016294863075018,-2.679069273869878,0.007382711839145184,Neurological,0.014212707283915861,True,2.679069273869878
PD,Sig 20,0.0,0.0,,,Neurological,,False,
POAG,Sig 0,0.013193619437515736,0.013579268008470535,0.9716001944497864,0.3312494857669743,Other,0.40083971386927986,False,0.9716001944497864
POAG,Sig 1,0.015895551070570946,0.010936305858194828,1.4534662139738932,0.1460943537791315,Other,0.19959759909103356,False,1.4534662139738932
POAG,Sig 2,0.00792478583753109,0.011910740286111832,0.6653478832689814,0.5058280107973483,Other,0.5799347832167744,False,0.6653478832689814
POAG,Sig 3,0.02027575857937336,0.01156333927065134,1.7534518450768646,0.07952447843699173,Other,0.12003694858413846,False,1.7534518450768646
POAG,Sig 4,0.07599987834692001,0.05249327793717384,1.4478021059740231,0.14767240363225387,Other,0.20137145949852803,False,1.4478021059740231
POAG,Sig 5,0.012126421555876732,0.01266469992697239,0.9574977398438577,0.33831608664280477,Other,0.40801940097624695,False,0.9574977398438577
POAG,Sig 6,-0.037607550621032715,0.025599054992198944,-1.4690991770006057,0.1418058909677815,Other,0.19596975335278827,False,1.4690991770006057
POAG,Sig 7,0.015330587513744831,0.011300927959382534,1.3565777579368334,0.17491541295269464,Other,0.23208364045794944,False,1.3565777579368334
POAG,Sig 8,0.007582445628941059,0.012188023887574673,0.6221226425943533,0.5338612273586052,Other,0.6043712007833266,False,0.6221226425943533
POAG,Sig 9,0.019838862121105194,0.012265750207006931,1.6174193821240586,0.10578778473662753,Other,0.1516874433160952,False,1.6174193821240586
POAG,Sig 10,0.1414671540260315,0.013512380421161652,10.469447248871168,0.0,Other,0.0,True,10.469447248871168
POAG,Sig 11,-0.05791352316737175,0.03356262668967247,-1.7255360762687943,0.08443090810919185,Other,0.12559969801367382,False,1.7255360762687943
POAG,Sig 12,0.026906555518507957,0.047591373324394226,0.5653662342354867,0.5718246862592746,Other,0.6393071026501207,False,0.5653662342354867
POAG,Sig 13,-0.0052921362221241,0.012326721101999283,-0.4293222973354823,0.6676886923424237,Other,0.7218256133431606,False,0.4293222973354823
POAG,Sig 14,0.009356400929391384,0.012355266138911247,0.757280403691561,0.4488818886053183,Other,0.5238167905929161,False,0.757280403691561
POAG,Sig 15,0.002739155199378729,0.012551520019769669,0.21823294669206086,0.8272476159211577,Other,0.860720062808141,False,0.21823294669206086
POAG,Sig 16,0.012439688667654991,0.012101516127586365,1.0279446423492125,0.303975868371656,Other,0.3722153490265176,False,1.0279446423492125
POAG,Sig 17,0.015729732811450958,0.01079502422362566,1.4571280698958828,0.14508103132800043,Other,0.19896827153554347,False,1.4571280698958828
POAG,Sig 18,0.01611322909593582,0.01104314997792244,1.4591153002675439,0.14453337574911718,Other,0.19859547812855796,False,1.4591153002675439
POAG,Sig 19,0.016381682828068733,0.012276402674615383,1.3344041623807332,0.1820714366504066,Other,0.23921794596403786,False,1.3344041623807332
POAG,Sig 20,0.0,0.0,,,Other,,False,
PC,Sig 0,0.09782665967941284,0.012458192184567451,7.852396096489451,3.9968028886505635e-15,Cancer,1.856579406340907e-14,True,7.852396096489451
PC,Sig 1,0.09869713336229324,0.01191084273159504,8.286326634175635,2.220446049250313e-16,Cancer,1.1258599686339616e-15,True,8.286326634175635
PC,Sig 2,0.1000385507941246,0.01108261477202177,9.026619877348208,0.0,Cancer,0.0,True,9.026619877348208
PC,Sig 3,0.10136370360851288,0.011747430078685284,8.628585395237103,0.0,Cancer,0.0,True,8.628585395237103
PC,Sig 4,-0.1431245654821396,0.05317872390151024,-2.691387738961426,0.007115544155405162,Cancer,0.01380914229620409,True,2.691387738961426
PC,Sig 5,0.09898001700639725,0.01137515902519226,8.701418308718925,0.0,Cancer,0.0,True,8.701418308718925
PC,Sig 6,0.18001513183116913,0.02651904709637165,6.7881448068999015,1.1358469720335052e-11,Cancer,4.6466467037734304e-11,True,6.7881448068999015
PC,Sig 7,0.10461089760065079,0.011706244200468063,8.9363331064346,0.0,Cancer,0.0,True,8.9363331064346
PC,Sig 8,0.11544080823659897,0.01095062866806984,10.541934325031459,0.0,Cancer,0.0,True,10.541934325031459
PC,Sig 9,0.09091629087924957,0.013867784291505814,6.5559348896807474,5.5294435696850996e-11,Cancer,2.1874721814138856e-10,True,6.5559348896807474
PC,Sig 10,0.09825794398784637,0.013177414424717426,7.456541990782338,8.881784197001252e-14,Cancer,3.9232420992888965e-13,True,7.456541990782338
PC,Sig 11,-0.0488835908472538,0.0427892729640007,-1.1424263012923903,0.25327686388322146,Cancer,0.31996027364766044,False,1.1424263012923903
PC,Sig 12,-0.08998410403728485,0.04505029320716858,-1.9974143924765007,0.045780185627240844,Cancer,0.07630030937873475,False,1.9974143924765007
PC,Sig 13,0.24598976969718933,0.014609490521252155,16.83766927664949,0.0,Cancer,0.0,True,16.83766927664949
PC,Sig 14,0.08406072854995728,0.01216320414096117,6.911067805470094,4.810152276490953e-12,Cancer,2.0019130861696453e-11,True,6.911067805470094
PC,Sig 15,0.06863398104906082,0.01757931336760521,3.9042469756263682,9.451922044800831e-05,Cancer,0.00024392056889808596,True,3.9042469756263682
PC,Sig 16,0.10978033393621445,0.011900108307600021,9.225154183353363,0.0,Cancer,0.0,True,9.225154183353363
PC,Sig 17,0.10869588702917099,0.011692240834236145,9.296411917114954,0.0,Cancer,0.0,True,9.296411917114954
PC,Sig 18,0.10872174799442291,0.011632749810814857,9.346177796529702,0.0,Cancer,0.0,True,9.346177796529702
PC,Sig 19,0.10900437831878662,0.011730038560926914,9.292755326643448,0.0,Cancer,0.0,True,9.292755326643448
PC,Sig 20,0.0,0.0,,,Cancer,,False,
PSO,Sig 0,0.03280801698565483,0.011722266674041748,2.798777565631245,0.0051296460535428245,Autoimmune,0.010259292107085649,True,2.798777565631245
PSO,Sig 1,0.03702796623110771,0.010489648208022118,3.5299531020296766,0.00041563333515193257,Autoimmune,0.0010008561916702054,True,3.5299531020296766
PSO,Sig 2,0.04055390506982803,0.010761878453195095,3.768292426475787,0.00016436808359721056,Autoimmune,0.0004113381771519986,True,3.768292426475787
PSO,Sig 3,0.04369693249464035,0.01037184800952673,4.213032475457019,2.5196481903577705e-05,Autoimmune,6.977487296375365e-05,True,4.213032475457019
PSO,Sig 4,-0.013485202565789223,0.04709858447313309,-0.28631863816378006,0.7746340842153838,Autoimmune,0.8130270271648343,False,0.28631863816378006
PSO,Sig 5,0.03318583592772484,0.01124014612287283,2.952438123575122,0.0031527524974277465,Autoimmune,0.006467184610108198,True,2.952438123575122
PSO,Sig 6,0.06112669035792351,0.028982460498809814,2.1090925099486886,0.034936597255669,Autoimmune,0.059607464512041894,False,2.1090925099486886
PSO,Sig 7,0.035928916186094284,0.010630544275045395,3.3797814351270232,0.0007254349369316682,Autoimmune,0.0016703991107762974,True,3.3797814351270232
PSO,Sig 8,0.0274459607899189,0.010553091764450073,2.600750699655185,0.009302002477940885,Autoimmune,0.017532570115490673,True,2.600750699655185
PSO,Sig 9,0.04317067191004753,0.01416493859142065,3.047713312092643,0.0023058980212422586,Autoimmune,0.004955959926252018,True,3.047713312092643
PSO,Sig 10,0.017620118334889412,0.012002337723970413,1.4680572018648896,0.14208868564451005,Autoimmune,0.19598439399242765,False,1.4680572018648896
PSO,Sig 11,-0.005180795677006245,0.039681896567344666,-0.13055816695187059,0.8961248373181332,Autoimmune,0.9177949969687851,False,0.13055816695187059
PSO,Sig 12,0.06363128125667572,0.06336846947669983,1.0041473588070882,0.31530759105824124,Autoimmune,0.3847821450202266,False,1.0041473588070882
PSO,Sig 13,0.03716743737459183,0.012324167415499687,3.015817306071938,0.0025628762781833014,Autoimmune,0.00541135167241049,True,3.015817306071938
PSO,Sig 14,0.04415322095155716,0.011504346504807472,3.8379599339350805,0.000124060717934249,Autoimmune,0.0003156315085252978,True,3.8379599339350805
PSO,Sig 15,0.04837249964475632,0.013995570130646229,3.456272177067986,0.0005477019778006298,Autoimmune,0.001288710536001482,True,3.456272177067986
PSO,Sig 16,0.04491709917783737,0.010866312310099602,4.133610179424859,3.571089781662096e-05,Autoimmune,9.739335768169353e-05,True,4.133610179424859
PSO,Sig 17,0.03912046551704407,0.010559719987213612,3.7046877724422282,0.00021165127419009444,Autoimmune,0.0005236732557280687,True,3.7046877724422282
PSO,Sig 18,0.02053484134376049,0.010725504718720913,1.9145804213686837,0.05554603396369795,Autoimmune,0.08967072747502808,False,1.9145804213686837
PSO,Sig 19,0.0166509710252285,0.009155566804111004,1.8186717853177516,0.06896151873530298,Autoimmune,0.10724037470716662,False,1.8186717853177516
PSO,Sig 20,0.0,0.0,,,Autoimmune,,False,
RA,Sig 0,0.07630930095911026,0.010497171431779861,7.2695107872665785,3.608224830031759e-13,Autoimmune,1.5650131792908831e-12,True,7.2695107872665785
RA,Sig 1,0.10050293058156967,0.0073480610735714436,13.677476217916265,0.0,Autoimmune,0.0,True,13.677476217916265
RA,Sig 2,0.07433876395225525,0.007202072534710169,10.321857159030522,0.0,Autoimmune,0.0,True,10.321857159030522
RA,Sig 3,0.07976227253675461,0.007276791147887707,10.961187550354232,0.0,Autoimmune,0.0,True,10.961187550354232
RA,Sig 4,0.07286970317363739,0.0514044389128685,1.4175760832085518,0.15631456687868672,Autoimmune,0.21192520572468773,False,1.4175760832085518
RA,Sig 5,0.06667159497737885,0.008387728594243526,7.948706759912971,1.7763568394002505e-15,Autoimmune,8.414321870843291e-15,True,7.948706759912971
RA,Sig 6,-0.007438854314386845,0.032569557428359985,-0.22839899899620533,0.8193360675746435,Autoimmune,0.8549593748604976,False,0.22839899899620533
RA,Sig 7,0.08130235970020294,0.006876865867525339,11.822589136737058,0.0,Autoimmune,0.0,True,11.822589136737058
RA,Sig 8,0.05651019886136055,0.006962200161069632,8.116715629255717,4.440892098500626e-16,Autoimmune,2.1900289800825006e-15,True,8.116715629255717
RA,Sig 9,0.07841087877750397,0.009269957430660725,8.458601818187116,0.0,Autoimmune,0.0,True,8.458601818187116
RA,Sig 10,0.05737680196762085,0.010842770338058472,5.291710529570698,1.2117758751983843e-07,Autoimmune,4.1154652365228143e-07,True,5.291710529570698
RA,Sig 11,0.014979067258536816,0.042048219591379166,0.3562354697559623,0.7216642309549508,Autoimmune,0.7675011023449994,False,0.3562354697559623
RA,Sig 12,-0.021798359230160713,0.056894686073064804,-0.38313524047161474,0.7016194914536573,Autoimmune,0.7516544717644914,False,0.38313524047161474
RA,Sig 13,0.04715131223201752,0.01012387778609991,4.657435937912673,3.2017200599643303e-06,Autoimmune,9.851446338351786e-06,True,4.657435937912673
RA,Sig 14,0.10898037999868393,0.0095907561480999,11.36306442535033,0.0,Autoimmune,0.0,True,11.36306442535033
RA,Sig 15,0.0868595540523529,0.013981438241899014,6.212490628614707,5.215128329183472e-10,Autoimmune,1.9762591563221577e-09,True,6.212490628614707
RA,Sig 16,0.0790509358048439,0.008152250200510025,9.69682404986764,0.0,Autoimmune,0.0,True,9.69682404986764
RA,Sig 17,0.06691906601190567,0.007364794611930847,9.086345178383912,0.0,Autoimmune,0.0,True,9.086345178383912
RA,Sig 18,0.05380590632557869,0.008034562692046165,6.696805835972127,2.1302515307297654e-11,Autoimmune,8.616747764749612e-11,True,6.696805835972127
RA,Sig 19,0.05478568747639656,0.007693918887525797,7.120647913928618,1.0742517986273015e-12,Autoimmune,4.5766940533234145e-12,True,7.120647913928618
RA,Sig 20,0.0,0.0,,,Autoimmune,,False,
SCZ,Sig 0,0.018699340522289276,0.007760026957839727,2.4097004590168183,0.0159656225995235,Neurological,0.028738120679142297,True,2.4097004590168183
SCZ,Sig 1,-0.021365676075220108,0.008677080273628235,-2.4623116764466975,0.013804464731948629,Neurological,0.02529062240967688,True,2.4623116764466975
SCZ,Sig 2,0.026943787932395935,0.008607294410467148,3.1303434793203038,0.0017460201768793038,Neurological,0.003821077590738902,True,3.1303434793203038
SCZ,Sig 3,0.03240514546632767,0.007867860607802868,4.118673052518267,3.810603481979591e-05,Neurological,0.00010275784670506761,True,4.118673052518267
SCZ,Sig 4,0.10229319334030151,0.04565126821398735,2.240752499159691,0.0250421113810968,Neurological,0.0436569496232196,True,2.240752499159691
SCZ,Sig 5,0.0042762598022818565,0.009260245598852634,0.4617868669500186,0.6442341697522433,Neurological,0.7081658049184966,False,0.4617868669500186
SCZ,Sig 6,0.01401491928845644,0.027379993349313736,0.5118671545918296,0.6087439869952227,Neurological,0.6732652390730574,False,0.5118671545918296
SCZ,Sig 7,0.026833266019821167,0.008280916139483452,3.2403740803363545,0.001193729823036227,Neurological,0.0026775248367167707,True,3.2403740803363545
SCZ,Sig 8,0.03012171946465969,0.010205881670117378,2.951407868352569,0.003163289005026826,Neurological,0.006470363873918508,True,2.951407868352569
SCZ,Sig 9,0.012690214440226555,0.009357059374451637,1.3562182233101683,0.17502974551203687,Neurological,0.23208364045794944,False,1.3562182233101683
SCZ,Sig 10,-0.0012222687946632504,0.010613158345222473,-0.11516541588333659,0.9083140103696077,Neurological,0.9272979992717127,False,0.11516541588333659
SCZ,Sig 11,0.03624158725142479,0.030914997681975365,1.1722979126262407,0.2410774693716009,Neurological,0.30667098577306123,False,1.1722979126262407
SCZ,Sig 12,-0.14495500922203064,0.0499342605471611,-2.902916907823755,0.0036970471337505195,Neurological,0.0074982364402827436,True,2.902916907823755
SCZ,Sig 13,0.04493023082613945,0.009790372103452682,4.589226063255993,4.448924170397106e-06,Neurological,1.3402616747639817e-05,True,4.589226063255993
SCZ,Sig 14,0.06511403620243073,0.010023609735071659,6.496066579148916,8.244716021010845e-11,Neurological,3.2438226967911524e-10,True,6.496066579148916
SCZ,Sig 15,-0.043569497764110565,0.014434870332479477,-3.0183504777369645,0.00254154785451699,Neurological,0.005397977744106882,True,3.0183504777369645
SCZ,Sig 16,0.028377484530210495,0.008276526816189289,3.42867064415266,0.0006065450984578113,Neurological,0.0014087499060955618,True,3.42867064415266
SCZ,Sig 17,0.03244256228208542,0.007812864147126675,4.152454422750557,3.289282787100056e-05,Neurological,9.004880633886086e-05,True,4.152454422750557
SCZ,Sig 18,0.010857215151190758,0.008589611388742924,1.2639937547605042,0.20623226853854026,Neurological,0.2675445645905387,False,1.2639937547605042
SCZ,Sig 19,0.0047789826057851315,0.009004279039800167,0.5307457248560782,0.5955949955264392,Neurological,0.6617722172515992,False,0.5307457248560782
SCZ,Sig 20,0.0,0.0,,,Neurological,,False,
SLE,Sig 0,0.009875474497675896,0.012468994595110416,0.7920024683905516,0.42835923695448397,Autoimmune,0.50312993573773,False,0.7920024683905516
SLE,Sig 1,0.003946194890886545,0.00914792250841856,0.43137607333850714,0.6661949444212332,Autoimmune,0.7212937744109592,False,0.43137607333850714
SLE,Sig 2,0.006130111403763294,0.00971081480383873,0.6312664310455218,0.5278663321916091,Autoimmune,0.5985256050046591,False,0.6312664310455218
SLE,Sig 3,0.006554631981998682,0.009851528331637383,0.6653416364797952,0.5058320053612977,Autoimmune,0.5799347832167744,False,0.6653416364797952
SLE,Sig 4,0.001005458878353238,0.0575450174510479,0.017472561880940547,0.9860596219517754,Autoimmune,0.9860596219517754,False,0.017472561880940547
SLE,Sig 5,-0.004333748482167721,0.01001961063593626,-0.4325266359776827,0.665358697467,Autoimmune,0.7212937744109592,False,0.4325266359776827
SLE,Sig 6,-0.043995872139930725,0.025656744837760925,-1.7147877650939862,0.08638414551179774,Autoimmune,0.12797651186932998,False,1.7147877650939862
SLE,Sig 7,0.003277330193668604,0.009555241093039513,0.3429877029535095,0.7316077112821113,Autoimmune,0.7757843182962005,False,0.3429877029535095
SLE,Sig 8,-0.0037899822928011417,0.009973986074328423,-0.3799867239193366,0.7039552701142147,Autoimmune,0.7516544717644914,False,0.3799867239193366
SLE,Sig 9,0.004587848670780659,0.01203463040292263,0.3812205707344774,0.7030395863359351,Autoimmune,0.7516544717644914,False,0.3812205707344774
SLE,Sig 10,-0.008886203169822693,0.012283135205507278,-0.7234474766538812,0.4694050118762072,Autoimmune,0.5468796254868433,False,0.7234474766538812
SLE,Sig 11,0.07468010485172272,0.04035741463303566,1.8504680126509216,0.06424612424137166,Autoimmune,0.10099827391656681,False,1.8504680126509216
SLE,Sig 12,-0.09028516709804535,0.05946870148181915,-1.5181963763854411,0.1289649007401108,Autoimmune,0.1792562326889571,False,1.5181963763854411
SLE,Sig 13,-0.015162232331931591,0.012107249349355698,-1.2523267584918838,0.21045082231377266,Autoimmune,0.270433906850591,False,1.2523267584918838
SLE,Sig 14,0.014191900379955769,0.011570840142667294,1.2265228976436513,0.22000196399753236,Autoimmune,0.2808535710606796,False,1.2265228976436513
SLE,Sig 15,-0.009205438196659088,0.017689136788249016,-0.5204006451447822,0.6027843605211032,Autoimmune,0.6687284122884349,False,0.5204006451447822
SLE,Sig 16,0.011610422283411026,0.01072072796523571,1.0829882374648758,0.2788136440461151,Autoimmune,0.34671126720760426,False,1.0829882374648758
SLE,Sig 17,-0.0012546783545985818,0.009438750334084034,-0.13292843969692092,0.8942499748635673,Autoimmune,0.9175292197950129,False,0.13292843969692092
SLE,Sig 18,-0.004411997739225626,0.010021457448601723,-0.44025509880713254,0.6597523573388258,Autoimmune,0.7193163085968964,False,0.44025509880713254
SLE,Sig 19,0.00557704409584403,0.009751643985509872,0.5719080909978924,0.5673842422957911,Autoimmune,0.6363187764064947,False,0.5719080909978924
SLE,Sig 20,0.0,0.0,,,Autoimmune,,False,
T1D,Sig 0,0.004898878745734692,0.011030217632651329,0.44413255557471265,0.656946750325933,Metabolic,0.7177566923136142,False,0.44413255557471265
T1D,Sig 1,-0.017233066260814667,0.008573248982429504,-2.0100974900102724,0.044420871677655516,Metabolic,0.0743791339718883,False,2.0100974900102724
T1D,Sig 2,0.0017093357164412737,0.007568417116999626,0.22585115090999525,0.8213171920614468,Metabolic,0.855786365100205,False,0.22585115090999525
T1D,Sig 3,0.007151010446250439,0.008027597330510616,0.8908033315362593,0.3730346875577655,Metabolic,0.44541455230777965,False,0.8908033315362593
T1D,Sig 4,-0.01701732724905014,0.05826377123594284,-0.29207390610088374,0.770230117156091,Metabolic,0.8095849406604169,False,0.29207390610088374
T1D,Sig 5,0.0029656048864126205,0.008391226641833782,0.35341732657152136,0.7237755981439649,Metabolic,0.7686112546661574,False,0.35341732657152136
T1D,Sig 6,0.03345416486263275,0.024168213829398155,1.384221651578537,0.16629059560859316,Metabolic,0.22295945779923104,False,1.384221651578537
T1D,Sig 7,0.0035195802338421345,0.007645262870937586,0.46036091802955975,0.6452571820566568,Metabolic,0.7082091022573063,False,0.46036091802955975
T1D,Sig 8,-0.005905358586460352,0.008934876881539822,-0.6609334034206225,0.5086550231507432,Metabolic,0.5822442236383706,False,0.6609334034206225
T1D,Sig 9,-0.025256073102355003,0.010331781581044197,-2.4445031966889936,0.014505179533568002,Metabolic,0.026373053697396367,True,2.4445031966889936
T1D,Sig 10,0.02102735824882984,0.01004608441144228,2.0930899430707672,0.0363411263025708,Metabolic,0.061711346551535325,False,2.0930899430707672
T1D,Sig 11,0.05252254754304886,0.04222980886697769,1.2437315951036603,0.21359836358408746,Metabolic,0.27364914907569926,False,1.2437315951036603
T1D,Sig 12,-0.009912863373756409,0.060103677213191986,-0.16492939922119546,0.8689995520372062,Metabolic,0.8963892227317887,False,0.16492939922119546
T1D,Sig 13,0.021655108779668808,0.011982242576777935,1.807266765040901,0.07072069537058123,Metabolic,0.10950301218670642,False,1.807266765040901
T1D,Sig 14,0.0013717433903366327,0.010352994315326214,0.13249726103934506,0.8945909893001376,Metabolic,0.9175292197950129,False,0.13249726103934506
T1D,Sig 15,0.12005533277988434,0.01851113699376583,6.485573134719736,8.839506904223526e-11,Metabolic,3.4402405248869945e-10,True,6.485573134719736
T1D,Sig 16,0.01653486117720604,0.009081987664103508,1.820621408963146,0.068664426165016,Metabolic,0.10700949532210285,False,1.820621408963146
T1D,Sig 17,0.01079658791422844,0.0072239157743752,1.4945617102190316,0.13502886536417802,Metabolic,0.18696304435040034,False,1.4945617102190316
T1D,Sig 18,0.0006938155856914818,0.008460337296128273,0.08200802892444897,0.9346403288057501,Metabolic,0.9478042770987888,False,0.08200802892444897
T1D,Sig 19,-0.014007098972797394,0.010278233326971531,-1.3627924690171018,0.1729479252605608,Metabolic,0.23059723368074772,False,1.3627924690171018
T1D,Sig 20,0.0,0.0,,,Metabolic,,False,
T2D,Sig 0,0.13245630264282227,0.010832599364221096,12.227564058199281,0.0,Metabolic,0.0,True,12.227564058199281
T2D,Sig 1,0.12328914552927017,0.009439677931368351,13.06073643885417,0.0,Metabolic,0.0,True,13.06073643885417
T2D,Sig 2,0.13309775292873383,0.008444864302873611,15.76079237690574,0.0,Metabolic,0.0,True,15.76079237690574
T2D,Sig 3,0.11516847461462021,0.008416911587119102,13.682984955059922,0.0,Metabolic,0.0,True,13.682984955059922
T2D,Sig 4,-0.277314156293869,0.05085223540663719,-5.453332662297756,4.943446496596948e-08,Metabolic,1.7533406293348781e-07,True,5.453332662297756
T2D,Sig 5,0.16763925552368164,0.009817458689212799,17.07562627259943,0.0,Metabolic,0.0,True,17.07562627259943
T2D,Sig 6,0.04605380818247795,0.027451854199171066,1.67762103966983,0.09342110279026294,Metabolic,0.13588524042220065,False,1.67762103966983
T2D,Sig 7,0.13662871718406677,0.008592251688241959,15.901386754188769,0.0,Metabolic,0.0,True,15.901386754188769
T2D,Sig 8,0.10607422888278961,0.010503815487027168,10.098637872475726,0.0,Metabolic,0.0,True,10.098637872475726
T2D,Sig 9,0.13499094545841217,0.011090933345258236,12.17128813745198,0.0,Metabolic,0.0,True,12.17128813745198
T2D,Sig 10,0.1354338824748993,0.011949582025408745,11.333775707545442,0.0,Metabolic,0.0,True,11.333775707545442
T2D,Sig 11,0.03729858994483948,0.035199809819459915,1.0596247575240951,0.28931534581552176,Metabolic,0.35669015237530083,False,1.0596247575240951
T2D,Sig 12,0.02721231058239937,0.04937134310603142,0.5511762263375612,0.5815128754733445,Metabolic,0.6471240654417435,False,0.5511762263375612
T2D,Sig 13,0.10614614188671112,0.011662364937365055,9.101596670725803,0.0,Metabolic,0.0,True,9.101596670725803
T2D,Sig 14,0.14698271453380585,0.009601187892258167,15.308805137781341,0.0,Metabolic,0.0,True,15.308805137781341
T2D,Sig 15,1.145787000656128,0.014492940157651901,79.0582854957268,0.0,Metabolic,0.0,True,79.0582854957268
T2D,Sig 16,0.14147773385047913,0.00910470262169838,15.538973619336954,0.0,Metabolic,0.0,True,15.538973619336954
T2D,Sig 17,0.11258804798126221,0.008246378041803837,13.65303014372045,0.0,Metabolic,0.0,True,13.65303014372045
T2D,Sig 18,0.08696795254945755,0.010404215194284916,8.358915201718382,0.0,Metabolic,0.0,True,8.358915201718382
T2D,Sig 19,0.10034148395061493,0.00789385475218296,12.711341556274084,0.0,Metabolic,0.0,True,12.711341556274084
T2D,Sig 20,0.0,0.0,,,Metabolic,,False,
UC,Sig 0,0.03301406279206276,0.01241243164986372,2.659757872054444,0.007819684392788684,Autoimmune,0.014973863730871947,True,2.659757872054444
UC,Sig 1,0.038934435695409775,0.010710594244301319,3.6351331034807184,0.00027783714985774033,Autoimmune,0.0006758200942485576,True,3.6351331034807184
UC,Sig 2,0.03874031826853752,0.010281295515596867,3.7680385910285263,0.00016453527086079944,Autoimmune,0.0004113381771519986,True,3.7680385910285263
UC,Sig 3,0.036808960139751434,0.010450424626469612,3.5222454068056686,0.0004279078292805938,Autoimmune,0.0010235669006047425,True,3.5222454068056686
UC,Sig 4,0.009970400482416153,0.059720106422901154,0.16695215530615257,0.8674076949870897,Autoimmune,0.8960309044342963,False,0.16695215530615257
UC,Sig 5,0.04335630685091019,0.010883811861276627,3.983559014389713,6.789080233993161e-05,Autoimmune,0.00017905266551190754,True,3.983559014389713
UC,Sig 6,0.04501368850469589,0.02262568473815918,1.9894950816130834,0.04664658415199274,Autoimmune,0.07720813928605696,False,1.9894950816130834
UC,Sig 7,0.038945846259593964,0.010427109897136688,3.735056659399801,0.00018767292879884323,Autoimmune,0.00046755885375490355,True,3.735056659399801
UC,Sig 8,0.036764856427907944,0.009083500131964684,4.0474328060538065,5.178244025794143e-05,Autoimmune,0.00013911700367805161,True,4.0474328060538065
UC,Sig 9,0.03136381506919861,0.012504794634878635,2.5081431550837308,0.012136748598223113,Autoimmune,0.0224063051044119,True,2.5081431550837308
UC,Sig 10,0.03783031553030014,0.012068520300090313,3.1346274928184066,0.0017207246314969726,Autoimmune,0.0037772004106031106,True,3.1346274928184066
UC,Sig 11,0.05630838871002197,0.03601250797510147,1.5635786529767042,0.1179165512994027,Autoimmune,0.16549691410442485,False,1.5635786529767042
UC,Sig 12,0.010206354781985283,0.05837368220090866,0.17484514248831143,0.8612013160742709,Autoimmune,0.892179780681259,False,0.17484514248831143
UC,Sig 13,0.02437613531947136,0.013210182078182697,1.845253545727414,0.06500066462138254,Autoimmune,0.10196182685707066,False,1.845253545727414
UC,Sig 14,0.055434443056583405,0.014092867262661457,3.9335106208979176,8.371413814134421e-05,Autoimmune,0.0002191788344064285,True,3.9335106208979176
UC,Sig 15,0.07146388292312622,0.018557989969849586,3.8508417689216716,0.00011771253624925926,Autoimmune,0.0003016121925247924,True,3.8508417689216716
UC,Sig 16,0.04747080057859421,0.010805019177496433,4.393402713940707,1.1159013810990714e-05,Autoimmune,3.200992009527217e-05,True,4.393402713940707
UC,Sig 17,0.06361790001392365,0.010297945700585842,6.177727273343893,6.503091398712968e-10,Autoimmune,2.4514271241221657e-09,True,6.177727273343893
UC,Sig 18,0.031319014728069305,0.010717853903770447,2.922134879731058,0.0034764095617347834,Autoimmune,0.00707066351539278,True,2.922134879731058
UC,Sig 19,0.03617352619767189,0.010310948826372623,3.5082635756226215,0.00045104193755540756,Autoimmune,0.0010735737397516317,True,3.5082635756226215
UC,Sig 20,0.0,0.0,,,Autoimmune,,False,
VTE,Sig 0,0.0586761012673378,0.01238600816577673,4.737289083133606,2.1659609208413144e-06,Other,6.751047025998902e-06,True,4.737289083133606
VTE,Sig 1,0.04997335374355316,0.010548396036028862,4.737531049542064,2.1633771865037232e-06,Other,6.751047025998902e-06,True,4.737531049542064
VTE,Sig 2,0.045134805142879486,0.010597054846584797,4.25918387668112,2.0517464210945136e-05,Other,5.748083358708365e-05,True,4.25918387668112
VTE,Sig 3,0.07922720164060593,0.01095512043684721,7.231979063792642,4.760636329592671e-13,Other,2.052489914554924e-12,True,7.231979063792642
VTE,Sig 4,-0.051314789801836014,0.046723440289497375,-1.0982665121380348,0.2720881302866751,Other,0.33952071716881466,False,1.0982665121380348
VTE,Sig 5,0.04181203618645668,0.010901291854679585,3.8355120424106506,0.0001253029662333649,Other,0.00031766949185923495,True,3.8355120424106506
VTE,Sig 6,0.005970166530460119,0.027695653960108757,0.21556329881429076,0.8293281664775658,Other,0.8616396534831853,False,0.21556329881429076
VTE,Sig 7,0.05464858561754227,0.010233484208583832,5.340173933302512,9.28574488412437e-08,Other,3.1989168978801654e-07,True,5.340173933302512
VTE,Sig 8,0.04892002046108246,0.010072113014757633,4.856976921268156,1.191914801523808e-06,Other,3.883161344330958e-06,True,4.856976921268156
VTE,Sig 9,0.05491306260228157,0.011826051399111748,4.643397931316795,3.427253431720345e-06,Other,1.0456027418807833e-05,True,4.643397931316795
VTE,Sig 10,0.04783055558800697,0.011036472395062447,4.333862657909211,1.4651560126033303e-05,Other,4.136911094409403e-05,True,4.333862657909211
VTE,Sig 11,0.08978726714849472,0.03607649728655815,2.48880223696076,0.012817424098368502,Other,0.023602417777046858,True,2.48880223696076
VTE,Sig 12,0.0018454194068908691,0.055477436631917953,0.033264323640886106,0.9734638036158407,Other,0.9789021488874375,False,0.033264323640886106
VTE,Sig 13,0.049174677580595016,0.011831766925752163,4.156156716843787,3.236458626831862e-05,Other,8.922634151592404e-05,True,4.156156716843787
VTE,Sig 14,0.072671078145504,0.012224647216498852,5.944636017587839,2.7707180993985503e-09,Other,1.0178148120239574e-08,True,5.944636017587839
VTE,Sig 15,0.051797620952129364,0.015050297603011131,3.441634332982635,0.0005782112960091013,Other,0.001347288456720236,True,3.441634332982635
VTE,Sig 16,0.054905153810977936,0.010592877864837646,5.183214090783766,2.1809444827880498e-07,Other,7.236313491278323e-07,True,5.183214090783766
VTE,Sig 17,0.03656790405511856,0.010366043075919151,3.527662753019778,0.00041924593591824433,Other,0.0010061902462037864,True,3.527662753019778
VTE,Sig 18,0.045116547495126724,0.009453002363443375,4.772721486836956,1.8175305394052543e-06,Other,5.764854574325036e-06,True,4.772721486836956
VTE,Sig 19,0.050712574273347855,0.00973669532686472,5.208396953063298,1.9047908650371426e-07,Other,6.378834524775547e-07,True,5.208396953063298
VTE,Sig 20,0.0,0.0,,,Other,,False,
