prs,signature,effect,sem,z_score,p_value,category,p_value_fdr,significant_fdr,abs_z_score
AAM,Sig 0,-0.050324708223342896,0.01244332455098629,-4.044313721557156,5.247661223140021e-05,Other,0.0001594226194371652,True,4.044313721557156
AAM,Sig 1,-0.06124606728553772,0.01190963201224804,-5.142565884701674,2.710113540249637e-07,Other,1.1684321850178075e-06,True,5.142565884701674
AAM,Sig 2,-0.057690657675266266,0.012667740695178509,-4.5541394526037315,5.2600455298090765e-06,Other,1.8474306251036757e-05,True,4.5541394526037315
AAM,Sig 3,-0.05462095886468887,0.012026720680296421,-4.541633610413461,5.5819991267025415e-06,Other,1.9509899860319565e-05,True,4.541633610413461
AAM,Sig 4,-0.008510190062224865,0.05408031865954399,-0.15736205468388087,0.8749595168005357,Other,0.8910478813244495,False,0.15736205468388087
AAM,Sig 5,-0.059110384434461594,0.01186603307723999,-4.981478144354754,6.310041198442917e-07,Other,2.5961312359308e-06,True,4.981478144354754
AAM,Sig 6,0.0038897611666470766,0.029319943860173225,0.13266605097190304,0.8944574928832651,Other,0.9083348305725683,False,0.13266605097190304
AAM,Sig 7,-0.05883599445223808,0.011907128617167473,-4.941241196253601,7.762680658274235e-07,Other,3.1399607157064317e-06,True,4.941241196253601
AAM,Sig 8,0.012773978523910046,0.012351961806416512,1.0341659668405312,0.3010585814343316,Other,0.3809528622719135,False,1.0341659668405312
AAM,Sig 9,-0.06654958426952362,0.014210653491318226,-4.683076982362636,2.826003174138947e-06,Other,1.022473510241227e-05,True,4.683076982362636
AAM,Sig 10,-0.06931929290294647,0.012891181744635105,-5.3772644181201565,7.562606851863052e-08,Other,3.424576687636099e-07,True,5.3772644181201565
AAM,Sig 11,-0.06964428722858429,0.04120674729347229,-1.6901185316225358,0.09100528020377086,Other,0.14244304727546744,False,1.6901185316225358
AAM,Sig 12,0.0369022898375988,0.06037410348653793,0.6112271273034668,0.5410492267809057,Other,0.6166949556210615,False,0.6112271273034668
AAM,Sig 13,-0.05326159670948982,0.013540409505367279,-3.933529239893186,8.370765077447828e-05,Other,0.00023916471649850938,True,3.933529239893186
AAM,Sig 14,-0.07335545867681503,0.011956894770264626,-6.134992411176966,8.516325422647242e-10,Other,4.75329791031474e-09,True,6.134992411176966
AAM,Sig 15,-0.0718817338347435,0.014279644936323166,-5.0338600263020385,4.807007261131702e-07,Other,2.0359089576557797e-06,True,5.0338600263020385
AAM,Sig 16,-0.054857246577739716,0.011285136453807354,-4.861017569639763,1.1678388702751619e-06,Other,4.472574396798492e-06,True,4.861017569639763
AAM,Sig 17,-0.050029315054416656,0.012124651111662388,-4.126247806528202,3.687299435117808e-05,Other,0.00011394230014097947,True,4.126247806528202
AAM,Sig 18,-0.05187397450208664,0.011480649933218956,-4.518383088399087,6.231366498576918e-06,Other,2.1570114802766257e-05,True,4.518383088399087
AAM,Sig 19,-0.052899740636348724,0.01220372412353754,-4.3347211147062925,1.459450272767171e-05,Other,4.7547701194224575e-05,True,4.3347211147062925
AAM,Sig 20,0.0,0.0,,,Other,,False,
AMD,Sig 0,0.03952832147479057,0.01548644620925188,2.552446244973598,0.010696941467377208,Other,0.021513401833831255,True,2.552446244973598
AMD,Sig 1,0.03441683202981949,0.016544200479984283,2.0802958759752763,0.037498402837999434,Other,0.06590108580011156,False,2.0802958759752763
AMD,Sig 2,0.03639107197523117,0.015630818903446198,2.328161576179983,0.019903525628677032,Other,0.03775229072901798,True,2.328161576179983
AMD,Sig 3,0.03890741243958473,0.015502043068408966,2.509824819082892,0.012079106797848738,Other,0.023973827561650098,True,2.509824819082892
AMD,Sig 4,-0.0769151970744133,0.05209844559431076,-1.476343414798782,0.1398517248543345,Other,0.20633861044082139,False,1.476343414798782
AMD,Sig 5,0.0351158007979393,0.016464879736304283,2.1327699540076575,0.032943602152475604,Other,0.05915060735606592,False,2.1327699540076575
AMD,Sig 6,0.03703799843788147,0.0238964706659317,1.549935928014891,0.12115689519757189,Other,0.18211474852244627,False,1.549935928014891
AMD,Sig 7,0.03822106868028641,0.015686776489019394,2.4365151570203616,0.014829547951900057,Other,0.028779715701800653,True,2.4365151570203616
AMD,Sig 8,0.03581241890788078,0.015384923666715622,2.32776058456233,0.01992482010698171,Other,0.03775229072901798,True,2.32776058456233
AMD,Sig 9,0.04310847073793411,0.015647096559405327,2.755045996825654,0.005868388483347475,Other,0.012575118178601732,True,2.755045996825654
AMD,Sig 10,0.085381880402565,0.01642601005733013,5.197968350473718,2.0147842105799896e-07,Other,8.791785646167227e-07,True,5.197968350473718
AMD,Sig 11,0.01178799383342266,0.0398646704852581,0.29570027018740425,0.7674589908293454,Other,0.8126036373487188,False,0.29570027018740425
AMD,Sig 12,-0.08646450936794281,0.05668697878718376,-1.5252975413022256,0.12718490076237066,Other,0.1895923986519811,False,1.5252975413022256
AMD,Sig 13,0.03591793775558472,0.02093234285712242,1.7159062413963524,0.08617920419644998,Other,0.13697356958376156,False,1.7159062413963524
AMD,Sig 14,0.04718891903758049,0.016622917726635933,2.838786777002858,0.00452854062577468,Other,0.009850601965431327,True,2.838786777002858
AMD,Sig 15,0.05066324397921562,0.017511887475848198,2.893077291016668,0.00381487407466663,Other,0.008451413334646073,True,2.893077291016668
AMD,Sig 16,0.03809753432869911,0.015974504873156548,2.384896097325555,0.01708394569699445,Other,0.032977053356128695,True,2.384896097325555
AMD,Sig 17,0.03669075295329094,0.015607482753694057,2.350843728762525,0.01873089855979404,Other,0.03586767809322263,True,2.350843728762525
AMD,Sig 18,0.04760156571865082,0.016634851694107056,2.861556363349714,0.004215665383497713,Other,0.009232643628933106,True,2.861556363349714
AMD,Sig 19,0.0444340780377388,0.017003053799271584,2.61329985556138,0.00896725884398819,Other,0.018187116528652104,True,2.61329985556138
AMD,Sig 20,0.0,0.0,,,Other,,False,
AD,Sig 0,-0.03607520833611488,0.020366311073303223,-1.7713177514706313,0.07650787715917762,Neurological,0.12295908829153546,False,1.7713177514706313
AD,Sig 1,-0.029268506914377213,0.01859264075756073,-1.5741984850901356,0.11544156947851225,Neurological,0.17498511584111331,False,1.5741984850901356
AD,Sig 2,-0.03564416989684105,0.018777383491396904,-1.8982500896981669,0.05766314528131855,Neurological,0.0965369955365834,False,1.8982500896981669
AD,Sig 3,-0.02945941686630249,0.018998797982931137,-1.5505937213906564,0.12099907774166918,Neurological,0.18211474852244627,False,1.5505937213906564
AD,Sig 4,-0.14918705821037292,0.05021102353930473,-2.9712012959383443,0.00296637280128631,Neurological,0.006780280688654423,True,2.9712012959383443
AD,Sig 5,-0.026051461696624756,0.01921800896525383,-1.355575478382064,0.17523427833823457,Neurological,0.24836354410143482,False,1.355575478382064
AD,Sig 6,0.03230034187436104,0.029007719829678535,1.113508475123706,0.2654901104565426,Neurological,0.34134442772984047,False,1.113508475123706
AD,Sig 7,-0.03233560547232628,0.01895137131214142,-1.7062409331619235,0.08796323043978305,Neurological,0.1395011584067044,False,1.7062409331619235
AD,Sig 8,-0.026616057381033897,0.01933264546096325,-1.3767416070799734,0.1685921500422638,Neurological,0.24180547416420306,False,1.3767416070799734
AD,Sig 9,-0.028414782136678696,0.019871506839990616,-1.4299258916538267,0.15273828997034755,Neurological,0.22117617440034873,False,1.4299258916538267
AD,Sig 10,-0.052035141736269,0.02209474891424179,-2.3550908832789808,0.018518175953842198,Neurological,0.03555489783137702,True,2.3550908832789808
AD,Sig 11,0.061108656227588654,0.04126407578587532,1.4809166342338418,0.13862878982055094,Neurological,0.2053759849193347,False,1.4809166342338418
AD,Sig 12,-0.07490700483322144,0.0630413368344307,-1.1882204374877752,0.2347465738207588,Neurological,0.3084261553849386,False,1.1882204374877752
AD,Sig 13,-0.019092589616775513,0.021131977438926697,-0.9034928071428622,0.3662644040268077,Neurological,0.4448323229637839,False,0.9034928071428622
AD,Sig 14,-0.046692121773958206,0.020435871556401253,-2.2848118635455283,0.022323861729256933,Neurological,0.04153276600791988,True,2.2848118635455283
AD,Sig 15,-0.0503975935280323,0.02264280430972576,-2.22576642180249,0.026029831051944008,Neurological,0.04756720395279108,True,2.22576642180249
AD,Sig 16,-0.01684579998254776,0.0198418777436018,-0.8490023071520963,0.3958800084833509,Neurological,0.47214435628588286,False,0.8490023071520963
AD,Sig 17,-0.03012118861079216,0.01889779418706894,-1.5938997066336438,0.11095850016589148,Neurological,0.16890088820177984,False,1.5938997066336438
AD,Sig 18,-0.04057159274816513,0.01854715868830681,-2.187482914768168,0.028707289124460633,Neurological,0.051932784345757925,False,2.187482914768168
AD,Sig 19,-0.03365360572934151,0.01886693947017193,-1.7837342289960096,0.07446686136955272,Neurological,0.12015799987701145,False,1.7837342289960096
AD,Sig 20,0.0,0.0,,,Neurological,,False,
AST,Sig 0,0.14643259346485138,0.018578534945845604,7.881815971586907,3.3306690738754696e-15,Other,2.788467131616672e-14,True,7.881815971586907
AST,Sig 1,0.1502709984779358,0.018536284565925598,8.106856470803868,4.440892098500626e-16,Other,3.852340133639097e-15,True,8.106856470803868
AST,Sig 2,0.15535864233970642,0.017574328929185867,8.840089596917737,0.0,Other,0.0,True,8.840089596917737
AST,Sig 3,0.14364710450172424,0.017910361289978027,8.02033539000153,1.1102230246251565e-15,Other,9.404242090942502e-15,True,8.02033539000153
AST,Sig 4,0.4044803977012634,0.05524536967277527,7.321525769436384,2.4513724383723456e-13,Other,1.877646974072435e-12,True,7.321525769436384
AST,Sig 5,0.1264534890651703,0.017587119713425636,7.190119310363161,6.472600233564663e-13,Other,4.755379763435263e-12,True,7.190119310363161
AST,Sig 6,0.09889160841703415,0.02767089754343033,3.5738489603317247,0.0003517718938608194,Other,0.0009277500497428205,True,3.5738489603317247
AST,Sig 7,0.1777651607990265,0.01750245690345764,10.156583260256944,0.0,Other,0.0,True,10.156583260256944
AST,Sig 8,0.12207182496786118,0.017535649240016937,6.9613518893437485,3.370193013552125e-12,Other,2.3789597742720883e-11,True,6.9613518893437485
AST,Sig 9,0.15174591541290283,0.019326698035001755,7.8516213756784685,3.9968028886505635e-15,Other,3.307698942331501e-14,True,7.8516213756784685
AST,Sig 10,0.13079994916915894,0.01794578693807125,7.288615964322646,3.1308289294429414e-13,Other,2.372838767577808e-12,True,7.288615964322646
AST,Sig 11,0.0464889220893383,0.04903283715248108,0.9481181344813523,0.3430693172603543,Other,0.423106853235512,False,0.9481181344813523
AST,Sig 12,-0.026284798979759216,0.059331540018320084,-0.44301561988182225,0.6577544367111678,Other,0.7175502945940013,False,0.44301561988182225
AST,Sig 13,0.10657795518636703,0.01843862608075142,5.78014623864121,7.463571982668782e-09,Other,3.784346357409523e-08,True,5.78014623864121
AST,Sig 14,0.2116914540529251,0.019126713275909424,11.067842707693842,0.0,Other,0.0,True,11.067842707693842
AST,Sig 15,0.11132407188415527,0.019334077835083008,5.757919919105225,8.515673277642577e-09,Other,4.2876117202116475e-08,True,5.757919919105225
AST,Sig 16,0.1499629020690918,0.018280480057001114,8.203444417295735,2.220446049250313e-16,Other,1.949659945683202e-15,True,8.203444417295735
AST,Sig 17,0.14002850651741028,0.01795775070786476,7.797664016801587,6.217248937900877e-15,Other,5.02968453403217e-14,True,7.797664016801587
AST,Sig 18,0.10739269107580185,0.019718287512660027,5.4463497911190775,5.1413982182779705e-08,Other,2.3729530238206016e-07,True,5.4463497911190775
AST,Sig 19,0.1206752210855484,0.01833817921578884,6.58054541105418,4.6872505876649484e-11,Other,2.981979575547724e-10,True,6.58054541105418
AST,Sig 20,0.0,0.0,,,Other,,False,
AF,Sig 0,0.31653815507888794,0.012549616396427155,25.222934716076708,0.0,Cardiovascular,0.0,True,25.222934716076708
AF,Sig 1,0.07789500802755356,0.012572679668664932,6.195577242112705,5.807181402417427e-10,Cardiovascular,3.292260322630352e-09,True,6.195577242112705
AF,Sig 2,0.07948417216539383,0.012767240405082703,6.2256344866625035,4.796110175675494e-10,Cardiovascular,2.7406343861002824e-09,True,6.2256344866625035
AF,Sig 3,0.0863216295838356,0.012709083035588264,6.792120984819739,1.1049605674884333e-11,Cardiovascular,7.576872462777828e-11,True,6.792120984819739
AF,Sig 4,-0.09497959911823273,0.05602216720581055,-1.6953931605198873,0.09000086251614348,Cardiovascular,0.14148607207778013,False,1.6953931605198873
AF,Sig 5,0.09092961251735687,0.013014198280870914,6.986954597964819,2.809086296906571e-12,Cardiovascular,2.002516964131417e-11,True,6.986954597964819
AF,Sig 6,0.07259638607501984,0.03265076503157616,2.2234206765082765,0.02618744674951068,Cardiovascular,0.0477340801510068,True,2.2234206765082765
AF,Sig 7,0.08776083588600159,0.012980718165636063,6.760861361148061,1.3717471603058584e-11,Cardiovascular,9.317527881322811e-11,True,6.760861361148061
AF,Sig 8,0.07385123521089554,0.012765130959451199,5.78538797960523,7.234515875254033e-09,Cardiovascular,3.6942208724701446e-08,True,5.78538797960523
AF,Sig 9,0.07773663103580475,0.013366717845201492,5.815685790338677,6.038580080414135e-09,Cardiovascular,3.127897595610199e-08,True,5.815685790338677
AF,Sig 10,0.0795028954744339,0.01297903060913086,6.125487940409273,9.040612702904127e-10,Cardiovascular,5.007108573916132e-09,True,6.125487940409273
AF,Sig 11,0.17796416580677032,0.04772930592298508,3.728614157807559,0.00019253568518018405,Cardiovascular,0.0005250973232186838,True,3.728614157807559
AF,Sig 12,-0.02861827053129673,0.054682765156030655,-0.5233508300035296,0.6007301346475484,Cardiovascular,0.6716237530221038,False,0.5233508300035296
AF,Sig 13,0.09194006025791168,0.01235107984393835,7.443888422681837,9.769962616701378e-14,Cardiovascular,7.730080312115375e-13,True,7.443888422681837
AF,Sig 14,0.0948011726140976,0.014345836825668812,6.608270661804206,3.888356303605178e-11,Cardiovascular,2.499657623746186e-10,True,6.608270661804206
AF,Sig 15,0.0759090855717659,0.015780029818415642,4.810452606571017,1.505889080544165e-06,Cardiovascular,5.7065270420620985e-06,True,4.810452606571017
AF,Sig 16,0.09109663218259811,0.012901323847472668,7.0610298028014915,1.652677994457008e-12,Cardiovascular,1.1899281560090457e-11,True,7.0610298028014915
AF,Sig 17,0.08321961760520935,0.01254634652286768,6.632976177848155,3.289857275490249e-11,Cardiovascular,2.1339614759936748e-10,True,6.632976177848155
AF,Sig 18,0.06728236377239227,0.012057195417582989,5.580266508268955,2.4015033295299304e-08,Cardiovascular,1.1450876803056622e-07,True,5.580266508268955
AF,Sig 19,0.08368514478206635,0.01329727191478014,6.293407047580106,3.1057245664101174e-10,Cardiovascular,1.8179851120449468e-09,True,6.293407047580106
AF,Sig 20,0.0,0.0,,,Cardiovascular,,False,
BD,Sig 0,0.02242278680205345,0.015290992334485054,1.4664049468839506,0.14253799945556844,Neurological,0.20987190103887376,False,1.4664049468839506
BD,Sig 1,0.027419542893767357,0.015378943644464016,1.7829275877239863,0.07459809159031128,Neurological,0.12015799987701145,False,1.7829275877239863
BD,Sig 2,0.01791529916226864,0.014773624017834663,1.2126543318444654,0.22526200690789677,Neurological,0.2986899539110234,False,1.2126543318444654
BD,Sig 3,0.02631227672100067,0.01551081147044897,1.6963829888030382,0.08981337317064786,Neurological,0.14148607207778013,False,1.6963829888030382
BD,Sig 4,-0.08892720937728882,0.046217624098062515,-1.9240973787100564,0.05434237860389679,Neurological,0.09184627369672697,False,1.9240973787100564
BD,Sig 5,0.01962120831012726,0.015092330053448677,1.300078135095098,0.19357419072881643,Neurological,0.268025802547592,False,1.300078135095098
BD,Sig 6,-0.003556707175448537,0.026411565020680428,-0.1346647641918838,0.8928769334646771,Neurological,0.9080104408115361,False,0.1346647641918838
BD,Sig 7,0.028042864054441452,0.015361805446445942,1.8254927229878022,0.06792670833173875,Neurological,0.11064984162636175,False,1.8254927229878022
BD,Sig 8,0.0252302847802639,0.014066441915929317,1.7936507989054622,0.07286892298176117,Neurological,0.1181658210515046,False,1.7936507989054622
BD,Sig 9,0.03900950402021408,0.016758281737565994,2.327774686635618,0.01992407088547843,Neurological,0.03775229072901798,True,2.327774686635618
BD,Sig 10,0.02535426989197731,0.015557314269244671,1.6297330923050315,0.10315792010336411,Neurological,0.15780162605971665,False,1.6297330923050315
BD,Sig 11,0.011420545168220997,0.05300704017281532,0.21545336489242475,0.8294138676238716,Neurological,0.8643964835640118,False,0.21545336489242475
BD,Sig 12,-0.03508685901761055,0.05603409558534622,-0.6261698105605956,0.5312035665421617,Neurological,0.6080549569322042,False,0.6261698105605956
BD,Sig 13,0.04086769372224808,0.01760820671916008,2.3209458165764585,0.020289768357819815,Neurological,0.038342869337612245,True,2.3209458165764585
BD,Sig 14,0.02647504210472107,0.015754008665680885,1.6805273290470686,0.09285476163312745,Neurological,0.1450226212057522,False,1.6805273290470686
BD,Sig 15,0.026215527206659317,0.01821013353765011,1.4396120243960742,0.1499771957647993,Neurological,0.2181486483851626,False,1.4396120243960742
BD,Sig 16,0.02541225776076317,0.015398062765598297,1.6503542132285733,0.0988705100574303,Neurological,0.1523614797562916,False,1.6503542132285733
BD,Sig 17,0.032081324607133865,0.015419197268784046,2.0806092592175385,0.03746968570033582,Neurological,0.06590108580011156,False,2.0806092592175385
BD,Sig 18,0.020956043154001236,0.017126290127635002,1.223618366723015,0.22109622767962422,Neurological,0.29479497023949897,False,1.223618366723015
BD,Sig 19,0.018465794622898102,0.015670103952288628,1.1784091974834132,0.23863351275557632,Neurological,0.3118260057786115,False,1.1784091974834132
BD,Sig 20,0.0,0.0,,,Neurological,,False,
BMI,Sig 0,0.21732842922210693,0.014165908098220825,15.341651782239248,0.0,Metabolic,0.0,True,15.341651782239248
BMI,Sig 1,0.23190662264823914,0.012365056201815605,18.7549994810527,0.0,Metabolic,0.0,True,18.7549994810527
BMI,Sig 2,0.16970349848270416,0.013312124647200108,12.748040074759764,0.0,Metabolic,0.0,True,12.748040074759764
BMI,Sig 3,0.17799846827983856,0.01215994544327259,14.63809760580094,0.0,Metabolic,0.0,True,14.63809760580094
BMI,Sig 4,-0.03444407135248184,0.03787408396601677,-0.9094364205187756,0.3631198043361463,Metabolic,0.44237945705926457,False,0.9094364205187756
BMI,Sig 5,0.18390245735645294,0.012634629383683205,14.555429508201556,0.0,Metabolic,0.0,True,14.555429508201556
BMI,Sig 6,0.1542464792728424,0.02690795809030533,5.732373997134174,9.9034600520298e-09,Metabolic,4.917580163766521e-08,True,5.732373997134174
BMI,Sig 7,0.20779924094676971,0.012493935413658619,16.63200857590471,0.0,Metabolic,0.0,True,16.63200857590471
BMI,Sig 8,0.15598352253437042,0.012988181784749031,12.009650397527484,0.0,Metabolic,0.0,True,12.009650397527484
BMI,Sig 9,0.22097277641296387,0.013428114354610443,16.455979639248046,0.0,Metabolic,0.0,True,16.455979639248046
BMI,Sig 10,0.16300441324710846,0.013312557712197304,12.244409885093656,0.0,Metabolic,0.0,True,12.244409885093656
BMI,Sig 11,-0.06656378507614136,0.04649033024907112,-1.4317769893121226,0.15220765468228525,Metabolic,0.2209465955065431,False,1.4317769893121226
BMI,Sig 12,0.08577601611614227,0.04681700840592384,1.8321550017127723,0.0669283308134403,Metabolic,0.10927074418520864,False,1.8321550017127723
BMI,Sig 13,0.20151925086975098,0.013151071034371853,15.32340980769224,0.0,Metabolic,0.0,True,15.32340980769224
BMI,Sig 14,0.22275249660015106,0.013021426275372505,17.106612738839836,0.0,Metabolic,0.0,True,17.106612738839836
BMI,Sig 15,0.2806742787361145,0.014969652518630028,18.749552027798227,0.0,Metabolic,0.0,True,18.749552027798227
BMI,Sig 16,0.2001660168170929,0.012840854935348034,15.588215724334686,0.0,Metabolic,0.0,True,15.588215724334686
BMI,Sig 17,0.16352532804012299,0.012096495367586613,13.51840537866036,0.0,Metabolic,0.0,True,13.51840537866036
BMI,Sig 18,0.1620503067970276,0.01561658177524805,10.376810311580083,0.0,Metabolic,0.0,True,10.376810311580083
BMI,Sig 19,0.149529829621315,0.012077934108674526,12.380414421529322,0.0,Metabolic,0.0,True,12.380414421529322
BMI,Sig 20,0.0,0.0,,,Metabolic,,False,
CRC,Sig 0,0.06589620560407639,0.01349953655153513,4.881367990116879,1.0535243737397337e-06,Cancer,4.0781588660892915e-06,True,4.881367990116879
CRC,Sig 1,0.06285464763641357,0.013079498894512653,4.805585301343883,1.542994326086955e-06,Cancer,5.8165231140450654e-06,True,4.805585301343883
CRC,Sig 2,0.06670939177274704,0.012863672338426113,5.185874610120007,2.1500343749814022e-07,Cancer,9.325450301124153e-07,True,5.185874610120007
CRC,Sig 3,0.06567230820655823,0.013397512026131153,4.901828643890582,9.494864208203779e-07,Cancer,3.7153816466884355e-06,True,4.901828643890582
CRC,Sig 4,-0.044286586344242096,0.049105674028396606,-0.9018629154470469,0.3671296932503576,Cancer,0.4448323229637839,False,0.9018629154470469
CRC,Sig 5,0.06255120038986206,0.013267318718135357,4.71468287743473,2.4208749018761466e-06,Cancer,8.893009843626663e-06,True,4.71468287743473
CRC,Sig 6,0.21457751095294952,0.0249160286039114,8.612026995315956,0.0,Cancer,0.0,True,8.612026995315956
CRC,Sig 7,0.06484963744878769,0.013309899717569351,4.872285954430204,1.103143442593435e-06,Cancer,4.247397212124455e-06,True,4.872285954430204
CRC,Sig 8,0.06402802467346191,0.01510834414511919,4.237924689724943,2.2559541069444577e-05,Cancer,7.187110429203583e-05,True,4.237924689724943
CRC,Sig 9,0.059990473091602325,0.013298614881932735,4.511031684442891,6.4513082549400025e-06,Cancer,2.2224602600750247e-05,True,4.511031684442891
CRC,Sig 10,0.05100967362523079,0.014286733232438564,3.570422488845204,0.0003564059098315475,Cancer,0.000936541076929614,True,3.570422488845204
CRC,Sig 11,-0.055669449269771576,0.0341656319797039,-1.629399078666012,0.10322856371406464,Cancer,0.15780162605971665,False,1.629399078666012
CRC,Sig 12,0.05041124299168587,0.05595221370458603,0.9009695891184015,0.3676044891159047,Cancer,0.4448323229637839,False,0.9009695891184015
CRC,Sig 13,0.08337719738483429,0.014334768056869507,5.816431563737669,6.011713793441231e-09,Cancer,3.127897595610199e-08,True,5.816431563737669
CRC,Sig 14,0.0702572911977768,0.014035187661647797,5.00579635210437,5.563154950039007e-07,Cancer,2.3153014820971587e-06,True,5.00579635210437
CRC,Sig 15,0.07994049042463303,0.016233790665864944,4.924326798960466,8.465126708490089e-07,Cancer,3.3772345335772617e-06,True,4.924326798960466
CRC,Sig 16,0.07660727947950363,0.013424498960375786,5.706528020570475,1.153039330681338e-08,Cancer,5.64753957884737e-08,True,5.706528020570475
CRC,Sig 17,0.13386328518390656,0.013117576949298382,10.204878972794322,0.0,Cancer,0.0,True,10.204878972794322
CRC,Sig 18,0.0396503321826458,0.017405537888407707,2.2780296958850887,0.022724808374019245,Cancer,0.04206134197761917,True,2.2780296958850887
CRC,Sig 19,0.07479149103164673,0.01399697083979845,5.343405504495835,9.121639110709623e-08,Cancer,4.079242335224179e-07,True,5.343405504495835
CRC,Sig 20,0.0,0.0,,,Cancer,,False,
BC,Sig 0,0.10301963984966278,0.021009748801589012,4.903420827281438,9.41819130462207e-07,Cancer,3.7055178903431096e-06,True,4.903420827281438
BC,Sig 1,0.0824471041560173,0.021564234048128128,3.8233263454666537,0.00013166333061809254,Cancer,0.0003688622492024383,True,3.8233263454666537
BC,Sig 2,0.08768108487129211,0.022084761410951614,3.9702074765368276,7.181007216439106e-05,Cancer,0.00021189857359984245,True,3.9702074765368276
BC,Sig 3,0.0939667820930481,0.02099781297147274,4.475074724244363,7.638459373904283e-06,Cancer,2.6064885067351107e-05,True,4.475074724244363
BC,Sig 4,-0.023616036400198936,0.05623022839426994,-0.41998827098140495,0.674494022062962,Cancer,0.7315587877840927,False,0.41998827098140495
BC,Sig 5,0.08577506244182587,0.022294508293271065,3.8473628264640634,0.00011939608682398628,Cancer,0.00033844560044594534,True,3.8473628264640634
BC,Sig 6,0.3814987540245056,0.034604065120220184,11.024680270919516,0.0,Cancer,0.0,True,11.024680270919516
BC,Sig 7,0.09507476538419724,0.02167484723031521,4.386409942083573,1.1523684480652108e-05,Cancer,3.810074704102856e-05,True,4.386409942083573
BC,Sig 8,0.07844579964876175,0.019736703485250473,3.9746150975711543,7.04931658699337e-05,Cancer,0.0002097317331667449,True,3.9746150975711543
BC,Sig 9,0.10153766721487045,0.024157464504241943,4.20315911866665,2.6321542128115993e-05,Cancer,8.312065935194525e-05,True,4.20315911866665
BC,Sig 10,0.08471991866827011,0.02207932062447071,3.8370709003778973,0.00012451053324213923,Cancer,0.0003501858747435166,True,3.8370709003778973
BC,Sig 11,-0.016058582812547684,0.05975018069148064,-0.26876207949003517,0.7881127761323392,Cancer,0.8308070260838716,False,0.26876207949003517
BC,Sig 12,0.027541756629943848,0.06148417294025421,0.4479487209937246,0.6541902051791144,Cancer,0.7158312275516145,False,0.4479487209937246
BC,Sig 13,0.11535795778036118,0.021775733679533005,5.29754631821136,1.1736913907434143e-07,Cancer,5.184403689173364e-07,True,5.29754631821136
BC,Sig 14,0.0994400829076767,0.02226288616657257,4.466630344496154,7.946125605506893e-06,Cancer,2.673462820544375e-05,True,4.466630344496154
BC,Sig 15,0.09738168865442276,0.023144103586673737,4.2076241272310355,2.5806965311847563e-05,Cancer,8.18546917380187e-05,True,4.2076241272310355
BC,Sig 16,0.10755515098571777,0.02247471734881401,4.785606391236482,1.7047185381091623e-06,Cancer,6.392694517909359e-06,True,4.785606391236482
BC,Sig 17,0.08870024979114532,0.021707095205783844,4.086233047317689,4.384334097329301e-05,Cancer,0.00013375934534224986,True,4.086233047317689
BC,Sig 18,0.05047355219721794,0.021852103993296623,2.3097799741709664,0.020900338539486585,Cancer,0.03939330824196424,True,2.3097799741709664
BC,Sig 19,0.2021399438381195,0.022860774770379066,8.842217548113647,0.0,Cancer,0.0,True,8.842217548113647
BC,Sig 20,0.0,0.0,,,Cancer,,False,
CVD,Sig 0,0.11539343744516373,0.013212879188358784,8.733405929180917,0.0,Cardiovascular,0.0,True,8.733405929180917
CVD,Sig 1,0.0470714345574379,0.009638125076889992,4.8838787816008296,1.0401903669521317e-06,Cardiovascular,4.048308455165053e-06,True,4.8838787816008296
CVD,Sig 2,0.05962006002664566,0.009227360598742962,6.461225763168686,1.0385825532921444e-10,Cardiovascular,6.283860826641546e-10,True,6.461225763168686
CVD,Sig 3,0.05490223318338394,0.009779604151844978,5.613952500626144,1.9775652004838662e-08,Cardiovascular,9.556019760727408e-08,True,5.613952500626144
CVD,Sig 4,0.07322382926940918,0.04953454062342644,1.4782377780804399,0.139344145463959,Cardiovascular,0.2060118783040051,False,1.4782377780804399
CVD,Sig 5,0.1636967957019806,0.010060123167932034,16.27184806482148,0.0,Cardiovascular,0.0,True,16.27184806482148
CVD,Sig 6,-0.09428586065769196,0.03787805140018463,-2.4891951188711987,0.012803267787027783,Cardiovascular,0.025255761114137,True,2.4891951188711987
CVD,Sig 7,0.07376616448163986,0.009426300413906574,7.825569018871179,5.10702591327572e-15,Cardiovascular,4.178475747225589e-14,True,7.825569018871179
CVD,Sig 8,0.07034200429916382,0.011139508336782455,6.31464173933923,2.707880586427791e-10,Cardiovascular,1.6113008448165367e-09,True,6.31464173933923
CVD,Sig 9,0.043662793934345245,0.013478638604283333,3.239406828555355,0.001197785926496886,Cardiovascular,0.0028651357710224516,True,3.239406828555355
CVD,Sig 10,0.06879974156618118,0.014674486592411995,4.68839172893154,2.7536053699428464e-06,Cardiovascular,1.005246178580938e-05,True,4.68839172893154
CVD,Sig 11,0.4113932251930237,0.07488203048706055,5.493884480925121,3.931877357032931e-08,Cardiovascular,1.8502952268390266e-07,True,5.493884480925121
CVD,Sig 12,0.08893182128667831,0.08913491666316986,0.9977214835207732,0.3184144326526914,Cardiovascular,0.3980180408158643,False,0.9977214835207732
CVD,Sig 13,0.06636632233858109,0.02046249248087406,3.2433156615995116,0.0011814723529688376,Cardiovascular,0.00283553364712521,True,3.2433156615995116
CVD,Sig 14,0.04807445406913757,0.012969044968485832,3.7068615450063,0.00020984358798181724,Cardiovascular,0.0005679976817552948,True,3.7068615450063
CVD,Sig 15,0.06213640421628952,0.021366892382502556,2.9080693207016526,0.0036366771414961807,Cardiovascular,0.008131700440612578,True,2.9080693207016526
CVD,Sig 16,0.055939316749572754,0.010274956002831459,5.444239054080389,5.202731112596837e-08,Cardiovascular,2.385965860553963e-07,True,5.444239054080389
CVD,Sig 17,0.051137227565050125,0.00983130931854248,5.201466651914006,1.9772195369860412e-07,Cardiovascular,8.680476016036278e-07,True,5.201466651914006
CVD,Sig 18,0.08339409530162811,0.012766648083925247,6.532184074740131,6.481748471287574e-11,Cardiovascular,3.9549651689212314e-10,True,6.532184074740131
CVD,Sig 19,0.05970335006713867,0.01031223963946104,5.7895619336343325,7.0570231880395795e-09,Cardiovascular,3.6293262109917835e-08,True,5.7895619336343325
CVD,Sig 20,0.0,0.0,,,Cardiovascular,,False,
CED,Sig 0,-0.037179313600063324,0.013580983504652977,-2.737600968834498,0.006188911864345004,Other,0.01318348089446273,True,2.737600968834498
CED,Sig 1,-0.02547837235033512,0.011531353928148746,-2.209486631759766,0.027140811230021544,Other,0.049222629938578115,True,2.209486631759766
CED,Sig 2,-0.02054845169186592,0.011643551290035248,-1.7647924743932413,0.07759864991383214,Other,0.12443436066360611,False,1.7647924743932413
CED,Sig 3,-0.014881739392876625,0.012264511547982693,-1.2133984573828724,0.22497751582891778,Other,0.2986899539110234,False,1.2133984573828724
CED,Sig 4,0.014483466744422913,0.06728997081518173,0.2152396050847328,0.829580514087128,Other,0.8643964835640118,False,0.2152396050847328
CED,Sig 5,-0.03932952135801315,0.012112571857869625,-3.2470000442111293,0.0011662837165729023,Other,0.0028084423944230424,True,3.2470000442111293
CED,Sig 6,-0.01236032135784626,0.027733586728572845,-0.4456805922297781,0.6558279856693376,Other,0.7165343697753006,False,0.4456805922297781
CED,Sig 7,-0.022867785766720772,0.011880663223564625,-1.9247903367350578,0.054255593408423675,Other,0.09184627369672697,False,1.9247903367350578
CED,Sig 8,-0.04742228984832764,0.01406522560864687,-3.371598235806034,0.0007473338102206295,Other,0.0018428151197895618,True,3.371598235806034
CED,Sig 9,-0.02367756888270378,0.012348725460469723,-1.9174099350171423,0.05518587305609479,Other,0.09283604813174824,False,1.9174099350171423
CED,Sig 10,-0.01793508231639862,0.014540464617311954,-1.2334600570496912,0.2174041702092786,Other,0.29094981886743604,False,1.2334600570496912
CED,Sig 11,-0.004195680841803551,0.05259081721305847,-0.07977972323201986,0.9364124514280638,Other,0.9442814636249383,False,0.07977972323201986
CED,Sig 12,-0.09136650711297989,0.07132475823163986,-1.2809928751002686,0.20019616869098078,Other,0.2761326464703183,False,1.2809928751002686
CED,Sig 13,-0.008837432600557804,0.015453822910785675,-0.5718606102565017,0.5674164114154778,Other,0.640344539528439,False,0.5718606102565017
CED,Sig 14,-0.02619437500834465,0.012892126105725765,-2.0318118821930367,0.042172703833585734,Other,0.07281617928101133,False,2.0318118821930367
CED,Sig 15,-0.07962681353092194,0.01492962148040533,-5.333478389618229,9.634903452848675e-08,Other,4.282179312377189e-07,True,5.333478389618229
CED,Sig 16,-0.02350916899740696,0.012002449482679367,-1.9586976001301102,0.05014821167050765,Other,0.0853586581625662,False,1.9586976001301102
CED,Sig 17,-0.02724583074450493,0.011861356906592846,-2.297024780475242,0.02161735614536453,Other,0.04032252959757115,True,2.297024780475242
CED,Sig 18,-0.03722084313631058,0.014826919883489609,-2.5103557197848985,0.01206095976385324,Other,0.023973827561650098,True,2.5103557197848985
CED,Sig 19,-0.012920351698994637,0.012160660699009895,-1.0624711945171363,0.28802182822670597,Other,0.36703666605881113,False,1.0624711945171363
CED,Sig 20,0.0,0.0,,,Other,,False,
CAD,Sig 0,0.11415575444698334,0.014256084337830544,8.007511160975307,1.1102230246251565e-15,Cardiovascular,9.404242090942502e-15,True,8.007511160975307
CAD,Sig 1,0.06774266809225082,0.01178054977208376,5.750382571514607,8.904173176560448e-09,Cardiovascular,4.452086588280224e-08,True,5.750382571514607
CAD,Sig 2,0.06568459421396255,0.012974902987480164,5.0624343224256405,4.139366862609961e-07,Cardiovascular,1.7635172432421137e-06,True,5.0624343224256405
CAD,Sig 3,0.05915778875350952,0.012252667918801308,4.828155724577655,1.3780331769019938e-06,Cardiovascular,5.249650197721881e-06,True,4.828155724577655
CAD,Sig 4,-0.10313626378774643,0.05537823215126991,-1.8623971871478628,0.06254712534747497,Cardiovascular,0.10258298462456031,False,1.8623971871478628
CAD,Sig 5,0.26556938886642456,0.01274882536381483,20.830890790942505,0.0,Cardiovascular,0.0,True,20.830890790942505
CAD,Sig 6,0.13949009776115417,0.03679787740111351,3.790710432578733,0.00015021700227668688,Cardiovascular,0.000417591666560674,True,3.790710432578733
CAD,Sig 7,0.07699784636497498,0.011743133887648582,6.556839690464676,5.49600365218339e-11,Cardiovascular,3.382156093651317e-10,True,6.556839690464676
CAD,Sig 8,0.053287703543901443,0.012490003369748592,4.266428275989653,1.986273116227899e-05,Cardiovascular,6.356073971929277e-05,True,4.266428275989653
CAD,Sig 9,0.08721239119768143,0.013286217115819454,6.5641250957611215,5.2339244049903755e-11,Cardiovascular,3.248642734131957e-10,True,6.5641250957611215
CAD,Sig 10,0.05983951687812805,0.016470635309815407,3.6331031409861687,0.0002800330149237418,Cardiovascular,0.0007412638630334341,True,3.6331031409861687
CAD,Sig 11,-0.13967378437519073,0.060594066977500916,-2.3050736044347837,0.021162451505127633,Cardiovascular,0.03957653268491402,True,2.3050736044347837
CAD,Sig 12,-0.10865055024623871,0.07905882596969604,-1.3743000723016736,0.16934854389273601,Cardiovascular,0.24240745845481101,False,1.3743000723016736
CAD,Sig 13,0.09057427942752838,0.022094929590821266,4.099324193599376,4.143582831384052e-05,Cardiovascular,0.0001269523250466603,True,4.099324193599376
CAD,Sig 14,0.09214997291564941,0.015103509649634361,6.101229121794235,1.0525589289045456e-09,Cardiovascular,5.613647620824243e-09,True,6.101229121794235
CAD,Sig 15,0.10674844682216644,0.024607019498944283,4.3381298912184905,1.4370022375143066e-05,Cardiovascular,4.7029164136831845e-05,True,4.3381298912184905
CAD,Sig 16,0.07896646112203598,0.0129203200340271,6.11180380316192,9.851124360693575e-10,Cardiovascular,5.3329395035333634e-09,True,6.11180380316192
CAD,Sig 17,0.05414547771215439,0.013113758526742458,4.128906110459277,3.644931943558305e-05,Cardiovascular,0.00011360826837064846,True,4.128906110459277
CAD,Sig 18,0.032839447259902954,0.015691597014665604,2.092804653931063,0.03636659620996063,Cardiovascular,0.06433402769329645,False,2.092804653931063
CAD,Sig 19,0.039722852408885956,0.01286301203072071,3.0881454758820044,0.002014098491126992,Cardiovascular,0.00467790617294011,True,3.0881454758820044
CAD,Sig 20,0.0,0.0,,,Cardiovascular,,False,
CD,Sig 0,0.045645322650671005,0.016518689692020416,2.7632532302317308,0.005722834785009789,Autoimmune,0.012299824015543427,True,2.7632532302317308
CD,Sig 1,0.019894717261195183,0.015138897113502026,1.3141457473445377,0.18879716162012739,Autoimmune,0.26343789993506145,False,1.3141457473445377
CD,Sig 2,0.0412362776696682,0.01567096821963787,2.6313803392181914,0.00850388077616926,Autoimmune,0.01734502594572767,True,2.6313803392181914
CD,Sig 3,0.03236415237188339,0.015811821445822716,2.0468326487732753,0.040674518835766005,Autoimmune,0.07090957278874462,False,2.0468326487732753
CD,Sig 4,-0.10213126987218857,0.06002151593565941,-1.7015776472835022,0.08883457068675304,Autoimmune,0.14057338658123558,False,1.7015776472835022
CD,Sig 5,0.031131332740187645,0.016235284507274628,1.917510760358925,0.05517307528162041,Autoimmune,0.09283604813174824,False,1.917510760358925
CD,Sig 6,0.02587457001209259,0.02584630809724331,1.001093460417749,0.3167816263574974,Autoimmune,0.39666568865634455,False,1.001093460417749
CD,Sig 7,0.036032501608133316,0.015607167035341263,2.3087150619033174,0.020959397985679917,Autoimmune,0.03940147924200924,True,2.3087150619033174
CD,Sig 8,0.023342091590166092,0.017018495127558708,1.3715720112272054,0.17019671181786356,Autoimmune,0.2431381597398051,False,1.3715720112272054
CD,Sig 9,0.03320876881480217,0.017654765397310257,1.8810087853028963,0.0599707237781284,Autoimmune,0.09903422275287259,False,1.8810087853028963
CD,Sig 10,0.02003314718604088,0.016684524714946747,1.200702299184722,0.22986670195004644,Autoimmune,0.3031209256484129,False,1.200702299184722
CD,Sig 11,0.09440720826387405,0.05014178901910782,1.8828049439539893,0.059726806816495115,Autoimmune,0.09885816300661261,False,1.8828049439539893
CD,Sig 12,0.03629064932465553,0.05155505612492561,0.7039202757672858,0.4814824238028934,Autoimmune,0.560526901977719,False,0.7039202757672858
CD,Sig 13,0.0457271970808506,0.016857000067830086,2.7126533129768697,0.006674689735555628,Autoimmune,0.014176332181711068,True,2.7126533129768697
CD,Sig 14,0.024215083569288254,0.016729969531297684,1.4474075116507386,0.14778282316228997,Autoimmune,0.21539196898147525,False,1.4474075116507386
CD,Sig 15,0.026714760810136795,0.02164623886346817,1.2341525462523952,0.2171460662855491,Autoimmune,0.29094981886743604,False,1.2341525462523952
CD,Sig 16,0.037311337888240814,0.01617608778178692,2.3065736531332766,0.021078599734825065,Autoimmune,0.039522374502797,True,2.3065736531332766
CD,Sig 17,0.05177983641624451,0.01708884723484516,3.0300368248750207,0.002445239226752216,Autoimmune,0.005624831448120113,True,3.0300368248750207
CD,Sig 18,0.03356671333312988,0.015705546364188194,2.1372521881612947,0.03257748536086247,Autoimmune,0.05863947364955244,False,2.1372521881612947
CD,Sig 19,0.04252617806196213,0.0159324761480093,2.6691505869459973,0.007604334835936033,Autoimmune,0.01582404936957787,True,2.6691505869459973
CD,Sig 20,0.0,0.0,,,Autoimmune,,False,
EOC,Sig 0,0.019628379493951797,0.015455849468708038,1.2699644580319882,0.2040972907572749,Other,0.2804390254680113,False,1.2699644580319882
EOC,Sig 1,0.014680325984954834,0.015670618042349815,0.9368058072298924,0.3488584575953695,Other,0.4271736215453504,False,0.9368058072298924
EOC,Sig 2,0.013814358040690422,0.015776269137859344,0.8756416311090437,0.38122488581211345,Other,0.45899986251625696,False,0.8756416311090437
EOC,Sig 3,0.019766923040151596,0.015563935972750187,1.2700465405897408,0.20406805252416116,Other,0.2804390254680113,False,1.2700465405897408
EOC,Sig 4,0.07139059901237488,0.05651678517460823,1.2631751574654166,0.2065262386454192,Other,0.28173280385001426,False,1.2631751574654166
EOC,Sig 5,0.014761054888367653,0.015900064259767532,0.9283644799925775,0.35321853707881856,Other,0.4317781777533945,False,0.9283644799925775
EOC,Sig 6,0.07250505685806274,0.028441548347473145,2.5492654609468324,0.010795009472928552,Other,0.021650158274397095,True,2.5492654609468324
EOC,Sig 7,0.018054012209177017,0.01561997551470995,1.1558284577446898,0.24775133039330188,Other,0.32189252480873604,False,1.1558284577446898
EOC,Sig 8,0.034438878297805786,0.016016874462366104,2.1501622166499943,0.031542385669037776,Other,0.05691859068097042,False,2.1501622166499943
EOC,Sig 9,0.008077463135123253,0.01608186960220337,0.5022713984707701,0.6154766253893875,Other,0.6859801397528777,False,0.5022713984707701
EOC,Sig 10,0.015886889770627022,0.01616966538131237,0.9825119689234783,0.3258476893823343,Other,0.4045005799228978,False,0.9825119689234783
EOC,Sig 11,-0.013362455181777477,0.04143577069044113,-0.32248598153527475,0.7470845560993302,Other,0.7957113615259138,False,0.32248598153527475
EOC,Sig 12,0.010607203468680382,0.06322124600410461,0.1677790954640741,0.8667570687600208,Other,0.8851987085208723,False,0.1677790954640741
EOC,Sig 13,0.02125576138496399,0.019851241260766983,1.0707522570375905,0.2842808391413083,Other,0.3629999065048118,False,1.0707522570375905
EOC,Sig 14,0.02675742283463478,0.016145307570695877,1.6572878972711644,0.09746128300894341,Other,0.15058395658034174,False,1.6572878972711644
EOC,Sig 15,0.013743683695793152,0.01975002884864807,0.6958817023061682,0.4865029171934576,Other,0.5649711296440153,False,0.6958817023061682
EOC,Sig 16,0.01826511323451996,0.01606479100883007,1.1369655057747388,0.25555270594469537,Other,0.3309315616550012,False,1.1369655057747388
EOC,Sig 17,0.015276280231773853,0.015080583281815052,1.012976749393691,0.3110712667250424,Other,0.3908748901257077,False,1.012976749393691
EOC,Sig 18,0.010914918035268784,0.017991336062550545,0.6066763467327189,0.5440657224033341,Other,0.6178664355369093,False,0.6066763467327189
EOC,Sig 19,0.012079891748726368,0.01576417312026024,0.766287686424935,0.443505143426834,Other,0.5226247189317847,False,0.766287686424935
EOC,Sig 20,0.0,0.0,,,Other,,False,
EBMDT,Sig 0,-0.02098517306149006,0.014684355817735195,-1.429083667132676,0.15298018729357454,Other,0.22117617440034873,False,1.429083667132676
EBMDT,Sig 1,-0.015387589111924171,0.01287560723721981,-1.1950961867990908,0.23204945166406654,Other,0.3054398632506909,False,1.1950961867990908
EBMDT,Sig 2,-0.0327860563993454,0.01333670411258936,-2.4583327426748984,0.01395837787839116,Other,0.027162248844436854,True,2.4583327426748984
EBMDT,Sig 3,-0.02838609181344509,0.012787291780114174,-2.219867373135959,0.026427771853955617,Other,0.0480504942799193,True,2.219867373135959
EBMDT,Sig 4,-0.09842486679553986,0.06737679243087769,-1.4608125920585282,0.14406687920284722,Other,0.21125896746649694,False,1.4608125920585282
EBMDT,Sig 5,-0.02282572165131569,0.01372720766812563,-1.662808795725927,0.09635071541400642,Other,0.14950973081483754,False,1.662808795725927
EBMDT,Sig 6,-0.014814028516411781,0.03725679591298103,-0.39761949876237934,0.6909106852000173,Other,0.7458106346986694,False,0.39761949876237934
EBMDT,Sig 7,-0.03379714488983154,0.012744459323585033,-2.651908883045841,0.008003813786146452,Other,0.016512165977150273,True,2.651908883045841
EBMDT,Sig 8,-0.017122287303209305,0.012869840487837791,-1.3304195432251196,0.18338007900034903,Other,0.2578782360942408,False,1.3304195432251196
EBMDT,Sig 9,-0.015265433117747307,0.01375646609812975,-1.1096914722759146,0.26713199888390626,Other,0.34284320712372995,False,1.1096914722759146
EBMDT,Sig 10,-0.03041907586157322,0.014447503723204136,-2.105490086340462,0.03524866937807114,Other,0.06281941077280005,False,2.105490086340462
EBMDT,Sig 11,0.01832014136016369,0.04725769907236099,0.38766469209835813,0.6982641879448379,Other,0.7519884688181098,False,0.38766469209835813
EBMDT,Sig 12,0.017249491065740585,0.06501193344593048,0.2653280736541507,0.7907567396308783,Other,0.8323755154009246,False,0.2653280736541507
EBMDT,Sig 13,-0.031563080847263336,0.017905205488204956,-1.7627879706857035,0.07793625701875673,Other,0.12469801123001076,False,1.7627879706857035
EBMDT,Sig 14,-0.022200381383299828,0.013560381717979908,-1.637150180946899,0.10159909360306774,Other,0.15597302216249204,False,1.637150180946899
EBMDT,Sig 15,-0.03070439025759697,0.021123778074979782,-1.4535463376205895,0.14607212385253532,Other,0.21376408368663705,False,1.4535463376205895
EBMDT,Sig 16,-0.02048102207481861,0.013144371099770069,-1.558159148076463,0.11919552633951036,Other,0.1799316912062361,False,1.558159148076463
EBMDT,Sig 17,-0.024768246337771416,0.012408721260726452,-1.9960353542764158,0.04593007467709387,Other,0.07892518798927824,False,1.9960353542764158
EBMDT,Sig 18,-0.04167492315173149,0.016927586868405342,-2.4619529928105734,0.013818277613760976,Other,0.02696249290489947,True,2.4619529928105734
EBMDT,Sig 19,-0.021308250725269318,0.012592950835824013,-1.6920776554334116,0.09063116821761352,Other,0.14216653838057025,False,1.6920776554334116
EBMDT,Sig 20,0.0,0.0,,,Other,,False,
HBA1C_DF,Sig 0,0.0524776466190815,0.013233725912868977,3.9654475968895686,7.325834622973204e-05,Metabolic,0.00021354659629719462,True,3.9654475968895686
HBA1C_DF,Sig 1,0.045901648700237274,0.01142441388219595,4.0178558982156085,5.873009269730112e-05,Metabolic,0.00017619027809190335,True,4.0178558982156085
HBA1C_DF,Sig 2,0.04472505673766136,0.011704730801284313,3.821109387048343,0.00013285270588014875,Metabolic,0.00037075173733995,True,3.821109387048343
HBA1C_DF,Sig 3,0.0479414127767086,0.012476948089897633,3.8423989930298683,0.00012183756040506921,Metabolic,0.0003440119352613719,True,3.8423989930298683
HBA1C_DF,Sig 4,0.11648301780223846,0.056465424597263336,2.0629087381003055,0.03912129976477963,Metabolic,0.06853366382151176,False,2.0629087381003055
HBA1C_DF,Sig 5,0.05803527310490608,0.01266483124345541,4.5823960848192105,4.596781533861005e-06,Metabolic,1.630385568660061e-05,True,4.5823960848192105
HBA1C_DF,Sig 6,0.02876850962638855,0.029157008975744247,0.9866756103248145,0.32380169036296946,Metabolic,0.40265495174669774,False,0.9866756103248145
HBA1C_DF,Sig 7,0.04695961996912956,0.01194474846124649,3.9314030028748808,8.445156875791504e-05,Metabolic,0.00024033648025967918,True,3.9314030028748808
HBA1C_DF,Sig 8,0.05563046783208847,0.012134158052504063,4.584617044823172,4.548192559683528e-06,Metabolic,1.621137942065416e-05,True,4.584617044823172
HBA1C_DF,Sig 9,0.05701342970132828,0.013275506906211376,4.294632973649594,1.749825770724911e-05,Metabolic,5.624439977330071e-05,True,4.294632973649594
HBA1C_DF,Sig 10,0.052254818379879,0.01297181099653244,4.028336397581455,5.61729296912894e-05,Metabolic,0.00016922388860974213,True,4.028336397581455
HBA1C_DF,Sig 11,0.08715138584375381,0.0465029738843441,1.8741034941228691,0.06091616183273407,Metabolic,0.10036530096011106,False,1.8741034941228691
HBA1C_DF,Sig 12,0.04618191719055176,0.061943549662828445,0.7455484459952567,0.4559402355256612,Metabolic,0.5346530449160848,False,0.7455484459952567
HBA1C_DF,Sig 13,0.044526685029268265,0.014533289708197117,3.0637719279864193,0.002185654677769655,Metabolic,0.0050438184871607426,True,3.0637719279864193
HBA1C_DF,Sig 14,0.04683396965265274,0.01337981317192316,3.5003455616952395,0.00046465539124640465,Metabolic,0.0011821621261392627,True,3.5003455616952395
HBA1C_DF,Sig 15,0.15153425931930542,0.016008557751774788,9.465828319387834,0.0,Metabolic,0.0,True,9.465828319387834
HBA1C_DF,Sig 16,0.043757885694503784,0.011675287038087845,3.7479066297688526,0.0001783166054105667,Metabolic,0.0004900303660137712,True,3.7479066297688526
HBA1C_DF,Sig 17,0.053809862583875656,0.012029556557536125,4.473137669415214,7.708011587004293e-06,Metabolic,2.6080548617272425e-05,True,4.473137669415214
HBA1C_DF,Sig 18,0.05879103019833565,0.012980869971215725,4.529051622017716,5.924902349407901e-06,Metabolic,2.0608355997940528e-05,True,4.529051622017716
HBA1C_DF,Sig 19,0.05165383964776993,0.012578574940562248,4.1064937715004035,4.017102887665658e-05,Metabolic,0.00012360316577432793,True,4.1064937715004035
HBA1C_DF,Sig 20,0.0,0.0,,,Metabolic,,False,
HEIGHT,Sig 0,0.11346006393432617,0.012485021725296974,9.087694553581352,0.0,Cardiovascular,0.0,True,9.087694553581352
HEIGHT,Sig 1,0.03900556638836861,0.01101919636130333,3.5397832209748463,0.0004004558242867162,Cardiovascular,0.0010371517751310635,True,3.5397832209748463
HEIGHT,Sig 2,0.011378541588783264,0.010942718014121056,1.0398277259909101,0.2984199453045644,Cardiovascular,0.3782788039071943,False,1.0398277259909101
HEIGHT,Sig 3,0.06234399229288101,0.011308640241622925,5.512952128710914,3.5286423338831696e-08,Cardiovascular,1.6714621581551855e-07,True,5.512952128710914
HEIGHT,Sig 4,0.21204805374145508,0.056377943605184555,3.7611881558935574,0.00016910815875870178,Cardiovascular,0.0004665052655412463,True,3.7611881558935574
HEIGHT,Sig 5,0.01879620924592018,0.01078671496361494,1.7425332280793882,0.08141518238174261,Cardiovascular,0.12997545746087513,False,1.7425332280793882
HEIGHT,Sig 6,0.13495394587516785,0.024684663861989975,5.467117017662659,4.5741410215072165e-08,Cardiovascular,2.1247622809581908e-07,True,5.467117017662659
HEIGHT,Sig 7,0.034312885254621506,0.010847643949091434,3.1631647771307474,0.001560639709019318,Cardiovascular,0.0036962519424141743,True,3.1631647771307474
HEIGHT,Sig 8,0.043341588228940964,0.010368353687226772,4.1801803387875704,2.9127800532657844e-05,Cardiovascular,9.15808575699286e-05,True,4.1801803387875704
HEIGHT,Sig 9,0.07346228510141373,0.012018967419862747,6.112196042732316,9.826934821433042e-10,Cardiovascular,5.3329395035333634e-09,True,6.112196042732316
HEIGHT,Sig 10,0.06107354164123535,0.012816197238862514,4.765340334810254,1.8853514374139735e-06,Cardiovascular,6.961297615066979e-06,True,4.765340334810254
HEIGHT,Sig 11,-0.10479529201984406,0.041757769882678986,-2.509599825715618,0.01208680472899859,Cardiovascular,0.023973827561650098,True,2.509599825715618
HEIGHT,Sig 12,-0.08000397682189941,0.06456924974918365,-1.2390414498026734,0.21533014821816088,Cardiovascular,0.29031714020188765,False,1.2390414498026734
HEIGHT,Sig 13,0.04255406931042671,0.01371308509260416,3.103172555486969,0.001914579728921284,Cardiovascular,0.004475640924751054,True,3.103172555486969
HEIGHT,Sig 14,0.04153319075703621,0.014044104143977165,2.957339986320721,0.003103057598612624,Cardiovascular,0.0070702578196237004,True,2.957339986320721
HEIGHT,Sig 15,0.021242598071694374,0.0155580323189497,1.3653781941191154,0.1721342138728914,Cardiovascular,0.24493405926577436,False,1.3653781941191154
HEIGHT,Sig 16,0.057967863976955414,0.012611218728125095,4.596531487292146,4.295820808852824e-06,Cardiovascular,1.5388014837681755e-05,True,4.596531487292146
HEIGHT,Sig 17,0.03863310441374779,0.011007136665284634,3.509823270895926,0.0004484046190997848,Cardiovascular,0.0011489371023197332,True,3.509823270895926
HEIGHT,Sig 18,0.035625409334897995,0.010632251389324665,3.3506929088102417,0.000806096413460855,Cardiovascular,0.0019741136656184206,True,3.3506929088102417
HEIGHT,Sig 19,0.05841442197561264,0.011685183271765709,4.9990163283751246,5.762352355276334e-07,Cardiovascular,2.3844216642522763e-06,True,4.9990163283751246
HEIGHT,Sig 20,0.0,0.0,,,Cardiovascular,,False,
HDL,Sig 0,-0.08681480586528778,0.01419055461883545,-6.1177880778568365,9.48831235803027e-10,Other,5.214950303650225e-09,True,6.1177880778568365
HDL,Sig 1,-0.07527083158493042,0.012887760065495968,-5.84048982929554,5.2047564036428184e-09,Other,2.7554592725167862e-08,True,5.84048982929554
HDL,Sig 2,-0.07992856204509735,0.01214818749576807,-6.579463979539431,4.721467661283896e-11,Other,2.981979575547724e-10,True,6.579463979539431
HDL,Sig 3,-0.07914235442876816,0.012786006554961205,-6.189763323565596,6.025462351288979e-10,Other,3.389322572600051e-09,True,6.189763323565596
HDL,Sig 4,-0.023312345147132874,0.051389120519161224,-0.45364359054248665,0.6500853737635643,Other,0.7124223274121253,False,0.45364359054248665
HDL,Sig 5,-0.10974279791116714,0.013298994861543179,-8.251961825213677,2.220446049250313e-16,Other,1.949659945683202e-15,True,8.251961825213677
HDL,Sig 6,-0.05808941647410393,0.02927687019109726,-1.984140247743019,0.04724020743327206,Other,0.08079085356759118,False,1.984140247743019
HDL,Sig 7,-0.08718530833721161,0.012945551425218582,-6.734769765571381,1.6418866266576515e-11,Other,1.1048209076574851e-10,True,6.734769765571381
HDL,Sig 8,-0.0803942084312439,0.012225479818880558,-6.575955269018251,4.8341775027438416e-11,Other,3.0266154799787534e-10,True,6.575955269018251
HDL,Sig 9,-0.08662731945514679,0.015461970120668411,-5.602605539856129,2.1115338588728605e-08,Other,1.0135362522589729e-07,True,5.602605539856129
HDL,Sig 10,-0.0661928802728653,0.013430159538984299,-4.928674159135965,8.278951550977354e-07,Other,3.3300810707841867e-06,True,4.928674159135965
HDL,Sig 11,-0.11303774267435074,0.04642775282263756,-2.4347020004645805,0.014904058396188802,Other,0.028846564637784775,True,2.4347020004645805
HDL,Sig 12,-0.004264966584742069,0.058567970991134644,-0.0728208014135858,0.9419487177670034,Other,0.948535771737402,False,0.0728208014135858
HDL,Sig 13,-0.07725824415683746,0.015613135881721973,-4.948284876408611,7.487027662289591e-07,Other,3.0535823027206737e-06,True,4.948284876408611
HDL,Sig 14,-0.09179046005010605,0.012632603757083416,-7.266155245203258,3.6992631180510216e-13,Other,2.774447338538266e-12,True,7.266155245203258
HDL,Sig 15,-0.15998807549476624,0.014282193966209888,-11.201925689658085,0.0,Other,0.0,True,11.201925689658085
HDL,Sig 16,-0.08497336506843567,0.012456696480512619,-6.82150080491797,9.009459844833145e-12,Other,6.237318354115255e-11,True,6.82150080491797
HDL,Sig 17,-0.08277971297502518,0.01312203798443079,-6.308449424795352,2.8184476974502104e-10,Other,1.6633461821017634e-09,True,6.308449424795352
HDL,Sig 18,-0.07474860548973083,0.013830565847456455,-5.404594888898032,6.495503046544115e-08,Other,2.959976071842888e-07,True,5.404594888898032
HDL,Sig 19,-0.07350866496562958,0.013705470599234104,-5.363454281514231,8.164532361298882e-08,Other,3.674039562584497e-07,True,5.363454281514231
HDL,Sig 20,0.0,0.0,,,Other,,False,
HT,Sig 0,0.1871192753314972,0.014298880472779274,13.086288516623064,0.0,Cardiovascular,0.0,True,13.086288516623064
HT,Sig 1,0.13200688362121582,0.012632805854082108,10.449529989298435,0.0,Cardiovascular,0.0,True,10.449529989298435
HT,Sig 2,0.14259055256843567,0.012199175544083118,11.688540102826488,0.0,Cardiovascular,0.0,True,11.688540102826488
HT,Sig 3,0.13785502314567566,0.012003075331449509,11.484975253340187,0.0,Cardiovascular,0.0,True,11.484975253340187
HT,Sig 4,0.031264789402484894,0.047478388994932175,0.6585056920491149,0.5102132406806699,Cardiovascular,0.5896525413966008,False,0.6585056920491149
HT,Sig 5,0.21300454437732697,0.012400862760841846,17.176590732858568,0.0,Cardiovascular,0.0,True,17.176590732858568
HT,Sig 6,0.058754581958055496,0.028247613459825516,2.079983926487021,0.03752700719173019,Cardiovascular,0.06590108580011156,False,2.079983926487021
HT,Sig 7,0.2218058556318283,0.01254733931273222,17.677521114516622,0.0,Cardiovascular,0.0,True,17.677521114516622
HT,Sig 8,0.13717666268348694,0.012123466469347477,11.31497027111176,0.0,Cardiovascular,0.0,True,11.31497027111176
HT,Sig 9,0.14734551310539246,0.016188863664865494,9.101658779496349,0.0,Cardiovascular,0.0,True,9.101658779496349
HT,Sig 10,0.12470768392086029,0.014213114976882935,8.774127566243738,0.0,Cardiovascular,0.0,True,8.774127566243738
HT,Sig 11,0.1373061090707779,0.05854560062289238,2.345284831138768,0.019012548971101495,Cardiovascular,0.03631043835329728,True,2.345284831138768
HT,Sig 12,0.05408976599574089,0.0615050233900547,0.8794365567949227,0.3791646181504209,Cardiovascular,0.4580512165575555,False,0.8794365567949227
HT,Sig 13,0.15031813085079193,0.015218976885080338,9.877019459708473,0.0,Cardiovascular,0.0,True,9.877019459708473
HT,Sig 14,0.1278291940689087,0.012828819453716278,9.964221145218383,0.0,Cardiovascular,0.0,True,9.964221145218383
HT,Sig 15,0.1615903377532959,0.01692538894712925,9.54721562134048,0.0,Cardiovascular,0.0,True,9.54721562134048
HT,Sig 16,0.14965179562568665,0.013074100948870182,11.446431093880992,0.0,Cardiovascular,0.0,True,11.446431093880992
HT,Sig 17,0.1404099315404892,0.012168770655989647,11.538546950211225,0.0,Cardiovascular,0.0,True,11.538546950211225
HT,Sig 18,0.13256153464317322,0.012456003576517105,10.642380907234735,0.0,Cardiovascular,0.0,True,10.642380907234735
HT,Sig 19,0.15120752155780792,0.012904935516417027,11.717030384650053,0.0,Cardiovascular,0.0,True,11.717030384650053
HT,Sig 20,0.0,0.0,,,Cardiovascular,,False,
IOP,Sig 0,-0.011503312736749649,0.015836773440241814,-0.7263671972170364,0.46761369493732374,Other,0.5465614616150537,False,0.7263671972170364
IOP,Sig 1,-0.00854064803570509,0.014035658910870552,-0.6084964083225475,0.5428582873750585,Other,0.6174691420379812,False,0.6084964083225475
IOP,Sig 2,-0.009702828712761402,0.014306142926216125,-0.678228140373244,0.49762705285231656,Other,0.576031315198823,False,0.678228140373244
IOP,Sig 3,-0.012815691530704498,0.014635330997407436,-0.8756680346330892,0.3812105276231057,Other,0.45899986251625696,False,0.8756680346330892
IOP,Sig 4,-0.04324833303689957,0.05263799428939819,-0.8216181794299523,0.4112942393816206,Other,0.488666423027668,False,0.8216181794299523
IOP,Sig 5,-0.007416953332722187,0.015356435440480709,-0.4829866515226929,0.6291052141868607,Other,0.6968550064839072,False,0.4829866515226929
IOP,Sig 6,-0.0053465403616428375,0.026034722104668617,-0.20536191399116496,0.8372893743168979,Other,0.8686575641328047,False,0.20536191399116496
IOP,Sig 7,-0.00872143916785717,0.014704023487865925,-0.5931328370805643,0.553092256163674,Other,0.6271282274611737,False,0.5931328370805643
IOP,Sig 8,-0.010099953040480614,0.015372637659311295,-0.6570084629792217,0.5111754748110873,Other,0.5898178555512545,False,0.6570084629792217
IOP,Sig 9,3.2734031265135854e-05,0.0158795565366745,0.002061394547734078,0.9983552462814949,Other,0.9983552462814949,False,0.002061394547734078
IOP,Sig 10,0.029221171513199806,0.015415515750646591,1.8955688532168733,0.05801707911845311,Other,0.0965369955365834,False,1.8955688532168733
IOP,Sig 11,0.01725665107369423,0.04111061990261078,0.419761392909532,0.674659770956441,Other,0.7315587877840927,False,0.419761392909532
IOP,Sig 12,-0.10512582957744598,0.06338513642549515,-1.6585249398494888,0.09721155791092229,Other,0.15052112192658934,False,1.6585249398494888
IOP,Sig 13,-0.014967082068324089,0.017911415547132492,-0.8356169298255284,0.4033704414264807,Other,0.4800441616976299,False,0.8356169298255284
IOP,Sig 14,-0.005147981457412243,0.015729201957583427,-0.3272881530350163,0.7434499519835371,Other,0.7953699337713919,False,0.3272881530350163
IOP,Sig 15,0.0021292015444487333,0.017262373119592667,0.12334350148138701,0.9018350946050753,Other,0.9145369973459918,False,0.12334350148138701
IOP,Sig 16,-0.011990619823336601,0.015017722733318806,-0.7984312958937392,0.42462024799498055,Other,0.5028397673624769,False,0.7984312958937392
IOP,Sig 17,-0.007730485405772924,0.014073328115046024,-0.5493004456783848,0.5827992815668037,Other,0.6556491917626542,False,0.5493004456783848
IOP,Sig 18,-0.010205110535025597,0.014511271379888058,-0.7032540614717881,0.4818974337836224,Other,0.560526901977719,False,0.7032540614717881
IOP,Sig 19,-0.004749408923089504,0.014170835725963116,-0.33515376333012376,0.7375090984201307,Other,0.7901883197358542,False,0.33515376333012376
IOP,Sig 20,0.0,0.0,,,Other,,False,
ISS,Sig 0,0.1684458702802658,0.014426974579691887,11.675758444696951,0.0,Other,0.0,True,11.675758444696951
ISS,Sig 1,0.15414176881313324,0.012983959168195724,11.87170776004166,0.0,Other,0.0,True,11.87170776004166
ISS,Sig 2,0.14686319231987,0.01289990171790123,11.384830329061153,0.0,Other,0.0,True,11.384830329061153
ISS,Sig 3,0.15032635629177094,0.012375257909297943,12.147331182393035,0.0,Other,0.0,True,12.147331182393035
ISS,Sig 4,-0.03270983695983887,0.07109342515468597,-0.4600965122818093,0.6454469473967128,Other,0.7117633521169708,False,0.4600965122818093
ISS,Sig 5,0.15522931516170502,0.012268755584955215,12.652409128767532,0.0,Other,0.0,True,12.652409128767532
ISS,Sig 6,0.14405393600463867,0.032823022454977036,4.388807770589556,1.1397375468957804e-05,Other,3.7991251563192684e-05,True,4.388807770589556
ISS,Sig 7,0.1689121425151825,0.012068266049027443,13.996388696518236,0.0,Other,0.0,True,13.996388696518236
ISS,Sig 8,0.11947782337665558,0.013417511247098446,8.904618835515626,0.0,Other,0.0,True,8.904618835515626
ISS,Sig 9,0.1861995905637741,0.01285447459667921,14.485196509850072,0.0,Other,0.0,True,14.485196509850072
ISS,Sig 10,0.1409555822610855,0.015528656542301178,9.077126657873613,0.0,Other,0.0,True,9.077126657873613
ISS,Sig 11,0.5753065943717957,0.06561782211065292,8.76753564605729,0.0,Other,0.0,True,8.76753564605729
ISS,Sig 12,-0.013234943151473999,0.0685868039727211,-0.19296631982936407,0.8469853452006895,Other,0.8749346464053033,False,0.19296631982936407
ISS,Sig 13,0.14312058687210083,0.022792812436819077,6.279198202013305,3.403235471211019e-10,Other,1.976072209090269e-09,True,6.279198202013305
ISS,Sig 14,0.20650073885917664,0.015901606529951096,12.986155736543163,0.0,Other,0.0,True,12.986155736543163
ISS,Sig 15,0.1889067441225052,0.024889230728149414,7.589898867740174,3.197442310920451e-14,Other,2.5579538487363607e-13,True,7.589898867740174
ISS,Sig 16,0.16227096319198608,0.014205007813870907,11.42350397255901,0.0,Other,0.0,True,11.42350397255901
ISS,Sig 17,0.13496917486190796,0.012252877466380596,11.015304383173333,0.0,Other,0.0,True,11.015304383173333
ISS,Sig 18,0.11611811071634293,0.013612217269837856,8.530433243498036,0.0,Other,0.0,True,8.530433243498036
ISS,Sig 19,0.12261620908975601,0.01327664963901043,9.235478258722445,0.0,Other,0.0,True,9.235478258722445
ISS,Sig 20,0.0,0.0,,,Other,,False,
LDL_SF,Sig 0,0.009305646643042564,0.017632709816098213,0.5277490947277285,0.5976734931458474,Cardiovascular,0.6692455910808867,False,0.5277490947277285
LDL_SF,Sig 1,-0.020487792789936066,0.016185712069272995,-1.2657949617694086,0.2055864993547285,Cardiovascular,0.28141117782396297,False,1.2657949617694086
LDL_SF,Sig 2,-0.00820414163172245,0.016503339633345604,-0.49712008684264614,0.6191043704777317,Cardiovascular,0.6878937449752575,False,0.49712008684264614
LDL_SF,Sig 3,-0.007520078215748072,0.016123000532388687,-0.4664192747895383,0.640915417448175,Cardiovascular,0.7088465446431429,False,0.4664192747895383
LDL_SF,Sig 4,0.09701191633939743,0.05118625611066818,1.8952727491858565,0.05805627648241751,Cardiovascular,0.0965369955365834,False,1.8952727491858565
LDL_SF,Sig 5,0.11398199945688248,0.01709401048719883,6.667949545382579,2.5940138925761858e-11,Cardiovascular,1.6979000024135033e-10,True,6.667949545382579
LDL_SF,Sig 6,0.02808796800673008,0.02700333669781685,1.04016656611925,0.29826252174345447,Cardiovascular,0.3782788039071943,False,1.04016656611925
LDL_SF,Sig 7,-0.01172060426324606,0.016170712187886238,-0.7248044567898604,0.4685720012284047,Cardiovascular,0.5467939074302292,False,0.7248044567898604
LDL_SF,Sig 8,-0.0227691400796175,0.016477299854159355,-1.3818489850368232,0.1670180746869483,Cardiovascular,0.24002597559800953,False,1.3818489850368232
LDL_SF,Sig 9,-0.010816986672580242,0.018336938694119453,-0.5899014471837213,0.555256723837515,Cardiovascular,0.6285925175519038,False,0.5899014471837213
LDL_SF,Sig 10,-0.01789122447371483,0.01598377339541912,-1.119336719253188,0.2629965164027983,Cardiovascular,0.33874327694099243,False,1.119336719253188
LDL_SF,Sig 11,-0.014136156067252159,0.04553753137588501,-0.31042868684660724,0.7562349819522407,Cardiovascular,0.8030813967634415,False,0.31042868684660724
LDL_SF,Sig 12,-0.06027784198522568,0.045551199465990067,-1.3232986769147754,0.1857360715325016,Cardiovascular,0.2596698475794197,False,1.3232986769147754
LDL_SF,Sig 13,-0.022674258798360825,0.01866450533270836,-1.2148330959849027,0.2244297552018404,Cardiovascular,0.2986865503610445,False,1.2148330959849027
LDL_SF,Sig 14,-0.003129186574369669,0.017129672691226006,-0.18267637863112648,0.8550519509842112,Cardiovascular,0.8820020124765502,False,0.18267637863112648
LDL_SF,Sig 15,-0.02414465695619583,0.018408937379717827,-1.3115725507761993,0.18966439964732285,Cardiovascular,0.2641361078260589,False,1.3115725507761993
LDL_SF,Sig 16,-0.006935869809240103,0.016101516783237457,-0.4307587851885305,0.6666437702946757,Cardiovascular,0.7261475258883003,False,0.4307587851885305
LDL_SF,Sig 17,-0.004961072467267513,0.016606677323579788,-0.2987396196482542,0.7651387245654715,Cardiovascular,0.8113400319398225,False,0.2987396196482542
LDL_SF,Sig 18,-0.03092877008020878,0.016982343047857285,-1.8212310276061205,0.06857174584771197,Cardiovascular,0.11144843568928356,False,1.8212310276061205
LDL_SF,Sig 19,-0.011656885966658592,0.015596667304635048,-0.747395949338124,0.45482458976291484,Cardiovascular,0.5342148525763437,False,0.747395949338124
LDL_SF,Sig 20,0.0,0.0,,,Cardiovascular,,False,
MEL,Sig 0,0.003656159620732069,0.01535628829151392,0.23808875890618109,0.8118122531775549,Cancer,0.8520478459006408,False,0.23808875890618109
MEL,Sig 1,-0.0026806765235960484,0.01527372281998396,-0.17550904616971855,0.8606796632895479,Cancer,0.8840076427510335,False,0.17550904616971855
MEL,Sig 2,-0.0032762859482318163,0.015410671010613441,-0.21259852643505361,0.8316401209056852,Cancer,0.8652902992082273,False,0.21259852643505361
MEL,Sig 3,0.0048024943098425865,0.01497356966137886,0.320731423331178,0.7484139319452245,Cancer,0.7959498242253495,False,0.320731423331178
MEL,Sig 4,-0.0773627981543541,0.058351099491119385,-1.325815602945548,0.1849007834746046,Cancer,0.25900498852473797,False,1.325815602945548
MEL,Sig 5,0.004224580712616444,0.014869182370603085,0.28411654436148376,0.7763210686226314,Cancer,0.820779984446835,False,0.28411654436148376
MEL,Sig 6,0.01115768775343895,0.025988325476646423,0.4293346165556318,0.6676797284205356,Cancer,0.7261773481310961,False,0.4293346165556318
MEL,Sig 7,8.83098691701889e-05,0.014633720740675926,0.006034683231635176,0.9951850486448297,Cancer,0.9965691724955179,False,0.006034683231635176
MEL,Sig 8,0.015738867223262787,0.013512921519577503,1.1647271983678982,0.2441294358829258,Cancer,0.31785387673726323,False,1.1647271983678982
MEL,Sig 9,-0.00727137690410018,0.01601298898458481,-0.45409241904182296,0.6497623094517488,Cancer,0.7124223274121253,False,0.45409241904182296
MEL,Sig 10,-0.014484661631286144,0.015307996422052383,-0.9462153786775022,0.3440387438352941,Cancer,0.42343230010497734,False,0.9462153786775022
MEL,Sig 11,-0.0951831191778183,0.04683210700750351,-2.032432987962039,0.042109841365741474,Cancer,0.07281617928101133,False,2.032432987962039
MEL,Sig 12,-0.041515957564115524,0.048320986330509186,-0.8591703257080027,0.39024655240107053,Cancer,0.4667400626723767,False,0.8591703257080027
MEL,Sig 13,0.0029205947648733854,0.018010832369327545,0.1621576785005872,0.8711816862997175,Cancer,0.8884572438184088,False,0.1621576785005872
MEL,Sig 14,-0.00316641409881413,0.015226921066641808,-0.20794841484736615,0.8352692457759767,Cancer,0.8678122034036122,False,0.20794841484736615
MEL,Sig 15,-0.005754503887146711,0.017741762101650238,-0.32434793422303076,0.7456746331981885,Cancer,0.7957113615259138,False,0.32434793422303076
MEL,Sig 16,0.0026785843074321747,0.015222887508571148,0.17595770223776633,0.8603271726284363,Cancer,0.8840076427510335,False,0.17595770223776633
MEL,Sig 17,-0.0066399769857525826,0.014464638195931911,-0.45904895067614165,0.6461990144794125,Cancer,0.7117633521169708,False,0.45904895067614165
MEL,Sig 18,-0.001556885545141995,0.015665343031287193,-0.09938406979231457,0.9208333306045389,Cancer,0.9324894487134571,False,0.09938406979231457
MEL,Sig 19,0.12636682391166687,0.014472313225269318,8.731625825443347,0.0,Cancer,0.0,True,8.731625825443347
MEL,Sig 20,0.0,0.0,,,Cancer,,False,
MS,Sig 0,0.02222174033522606,0.015345990657806396,1.4480486031002513,0.1476034582196999,Neurological,0.21539196898147525,False,1.4480486031002513
MS,Sig 1,0.011620148085057735,0.013692526146769524,0.8486489607908674,0.396076654439824,Neurological,0.47214435628588286,False,0.8486489607908674
MS,Sig 2,0.013207657262682915,0.014657719060778618,0.9010717975912225,0.36755014675331354,Neurological,0.4448323229637839,False,0.9010717975912225
MS,Sig 3,0.029556933790445328,0.014479121193289757,2.0413486009180772,0.04121618948354544,Neurological,0.07168032953660076,False,2.0413486009180772
MS,Sig 4,0.04012525826692581,0.0638638511300087,0.6282937461012515,0.5298115277404793,Neurological,0.6077264486567155,False,0.6282937461012515
MS,Sig 5,0.017886459827423096,0.014796555042266846,1.2088259582267518,0.2267297165990696,Neurological,0.30008344843994506,False,1.2088259582267518
MS,Sig 6,0.005337374284863472,0.027318907901644707,0.19537290085238512,0.8451010297968504,Neurological,0.8742424446174315,False,0.19537290085238512
MS,Sig 7,0.019715871661901474,0.014638413675129414,1.3468584847686491,0.17802581440409515,Neurological,0.25182433471699117,False,1.3468584847686491
MS,Sig 8,0.007073972374200821,0.015518630854785442,0.4558374021777467,0.6485069061170505,Neurological,0.7124223274121253,False,0.4558374021777467
MS,Sig 9,0.023544663563370705,0.016676252707839012,1.4118677604533456,0.15798890207929128,Neurological,0.22750401899417946,False,1.4118677604533456
MS,Sig 10,0.005302410572767258,0.016419073566794395,0.322942128932947,0.7467390699835039,Neurological,0.7957113615259138,False,0.322942128932947
MS,Sig 11,-0.027679696679115295,0.05110366642475128,-0.541638176193735,0.5880677872016835,Neurological,0.6597488792981356,False,0.541638176193735
MS,Sig 12,-0.0891309604048729,0.07613129913806915,-1.1707531779173765,0.24169800318558177,Neurological,0.31525826502467186,False,1.1707531779173765
MS,Sig 13,0.01611378788948059,0.0163106806576252,0.9879285989176325,0.32318761800149476,Neurological,0.40258665218179274,False,0.9879285989176325
MS,Sig 14,0.04189690202474594,0.015574277378618717,2.690134572937841,0.007142321058831058,Neurological,0.015036465387012754,True,2.690134572937841
MS,Sig 15,0.02905872091650963,0.01929163560271263,1.5062860150864361,0.1319937666285822,Neurological,0.19594950922181273,False,1.5062860150864361
MS,Sig 16,0.03234007954597473,0.014527997002005577,2.2260521902303676,0.02601068580790722,Neurological,0.04756720395279108,True,2.2260521902303676
MS,Sig 17,0.008683846332132816,0.01488729938864708,0.5833056826112492,0.5596875377687982,Neurological,0.6326138574466793,False,0.5833056826112492
MS,Sig 18,-0.00391950411722064,0.017294665798544884,-0.22663080992003987,0.8207108327156414,Neurological,0.8601336238067857,False,0.22663080992003987
MS,Sig 19,-0.005895541049540043,0.016455408185720444,-0.3582737652570681,0.7201384490771883,Neurological,0.7727268007981751,False,0.3582737652570681
MS,Sig 20,0.0,0.0,,,Neurological,,False,
OP,Sig 0,0.05350128933787346,0.014501850120723248,3.6892733611568453,0.00022489547189730175,Other,0.0006041967901718555,True,3.6892733611568453
OP,Sig 1,0.025446880608797073,0.014258439652621746,1.7846890142792078,0.07431177384132948,Other,0.12015799987701145,False,1.7846890142792078
OP,Sig 2,0.048391856253147125,0.013813498429954052,3.5032295763838657,0.00045965311502693673,Other,0.0011735824213453703,True,3.5032295763838657
OP,Sig 3,0.0410178080201149,0.013995453715324402,2.93079516066008,0.0033809563718476543,Other,0.007607151836657222,True,2.93079516066008
OP,Sig 4,-0.0054619768634438515,0.06211592257022858,-0.08793199291644606,0.9299307284118314,Other,0.9403793882816273,False,0.08793199291644606
OP,Sig 5,0.04119761288166046,0.014268290251493454,2.887354557239143,0.0038849617204010922,Other,0.008580283554260082,True,2.887354557239143
OP,Sig 6,0.03353118151426315,0.026476435363292694,1.266453774995378,0.20535066886711828,Other,0.28141117782396297,False,1.266453774995378
OP,Sig 7,0.04731703922152519,0.013645504601299763,3.4675917530391764,0.0005251444300680141,Other,0.0013266806654349832,True,3.4675917530391764
OP,Sig 8,0.041488658636808395,0.01530986838042736,2.7099291519611537,0.006729758150103571,Other,0.014251252553160502,True,2.7099291519611537
OP,Sig 9,0.014179570600390434,0.017360489815473557,0.8167724961165588,0.41405845274049424,Other,0.49114017458510023,False,0.8167724961165588
OP,Sig 10,0.027864133939146996,0.013140261173248291,2.120515990646702,0.033962554455251315,Other,0.060677516644617735,False,2.120515990646702
OP,Sig 11,0.0828905776143074,0.04368970915675163,1.89725633825827,0.057794114488873394,Other,0.0965369955365834,False,1.89725633825827
OP,Sig 12,0.11748558282852173,0.06746792048215866,1.7413547355382004,0.08162141726732086,Other,0.13001641688599783,False,1.7413547355382004
OP,Sig 13,0.04463917389512062,0.016803687438368797,2.656510605713452,0.00789539674285189,Other,0.01638237940879931,True,2.656510605713452
OP,Sig 14,0.05785403400659561,0.015604434534907341,3.7075379999945093,0.00020928402001296753,Other,0.0005679976817552948,True,3.7075379999945093
OP,Sig 15,0.023333407938480377,0.018596500158309937,1.2547203903877435,0.20958028099723713,Other,0.28417665219964355,False,1.2547203903877435
OP,Sig 16,0.048605769872665405,0.014377187937498093,3.3807563818438715,0.0007228660237228457,Other,0.0018009118930119338,True,3.3807563818438715
OP,Sig 17,0.04490869864821434,0.01320907287299633,3.3998372997110513,0.0006742596071049878,Other,0.0016856490177624694,True,3.3998372997110513
OP,Sig 18,0.022642707452178,0.021491972729563713,1.053542535954895,0.2920924100650233,Other,0.371566316690489,False,1.053542535954895
OP,Sig 19,0.042379338294267654,0.015167922712862492,2.7940106958963944,0.00520587567844677,Other,0.01125594741285788,True,2.7940106958963944
OP,Sig 20,0.0,0.0,,,Other,,False,
PD,Sig 0,-0.03754183650016785,0.01767680048942566,-2.123791379702766,0.033687592149447276,Neurological,0.060335985939308556,False,2.123791379702766
PD,Sig 1,-0.026832690462470055,0.017467239871621132,-1.5361723237146865,0.12449612194947468,Neurological,0.18674418292421202,False,1.5361723237146865
PD,Sig 2,-0.022315924987196922,0.017115671187639236,-1.3038299662658428,0.19229156296631889,Neurological,0.26691247768052045,False,1.3038299662658428
PD,Sig 3,-0.01983768679201603,0.01764930598437786,-1.1239924566764945,0.2610162260633473,Neurological,0.3367951304043191,False,1.1239924566764945
PD,Sig 4,0.08794183284044266,0.052710890769958496,1.6683807000006785,0.09524017707653987,Neurological,0.14810567493543997,False,1.6683807000006785
PD,Sig 5,-0.027118811383843422,0.01770149916410446,-1.5320064776680395,0.1255208362768998,Neurological,0.18788461609579166,False,1.5320064776680395
PD,Sig 6,-0.02827695943415165,0.02127864770591259,-1.3288889324623046,0.18388461573560932,Neurological,0.25808367120787273,False,1.3288889324623046
PD,Sig 7,-0.026594286784529686,0.01737094298005104,-1.5309639099656722,0.12577831244190496,Neurological,0.18788461609579166,False,1.5309639099656722
PD,Sig 8,-0.019136516377329826,0.018653806298971176,-1.02587729660221,0.3049494253992946,Neurological,0.3838524235795317,False,1.02587729660221
PD,Sig 9,-0.023205522447824478,0.01961664855480194,-1.1829504098519428,0.23682880150961827,Neurological,0.31059514952081085,False,1.1829504098519428
PD,Sig 10,-0.030979160219430923,0.015870673581957817,-1.9519751357402257,0.05094115669934163,Neurological,0.08650385099888201,False,1.9519751357402257
PD,Sig 11,-0.02797941491007805,0.04580658674240112,-0.6108164109110262,0.5413211277118206,Neurological,0.6166949556210615,False,0.6108164109110262
PD,Sig 12,0.01230579987168312,0.07209394872188568,0.1706911618776047,0.8644666126402614,Neurological,0.8841135811093582,False,0.1706911618776047
PD,Sig 13,-0.01825014129281044,0.01977800577878952,-0.9227493154230137,0.35613785958306265,Neurological,0.4346089133895002,False,0.9227493154230137
PD,Sig 14,-0.04339848458766937,0.017553776502609253,-2.4723161184841604,0.013424075353867027,Neurological,0.026336060639739128,True,2.4723161184841604
PD,Sig 15,-0.06322439759969711,0.021736495196819305,-2.908674881907766,0.003629641068067402,Neurological,0.008131700440612578,True,2.908674881907766
PD,Sig 16,-0.023868683725595474,0.017433306202292442,-1.3691426886345168,0.17095467662728714,Neurological,0.24373736073593416,False,1.3691426886345168
PD,Sig 17,-0.018701190128922462,0.018136298283934593,-1.0311470310062256,0.3024718757123561,Neurological,0.38206973774192354,False,1.0311470310062256
PD,Sig 18,-0.024283517152071,0.018131980672478676,-1.3392644516177612,0.18048459701135222,Neurological,0.25480178401602666,False,1.3392644516177612
PD,Sig 19,-0.02143818512558937,0.01701478287577629,-1.2599740638542392,0.20767871866104182,Neurological,0.2826629063061438,False,1.2599740638542392
PD,Sig 20,0.0,0.0,,,Neurological,,False,
POAG,Sig 0,0.01621650531888008,0.015012979507446289,1.0801656866871,0.28006840533760835,Other,0.35880649794141994,False,1.0801656866871
POAG,Sig 1,0.016956942155957222,0.013500630855560303,1.2560110958795248,0.20911194716726644,Other,0.2840766074725129,False,1.2560110958795248
POAG,Sig 2,0.00911693088710308,0.014028445817530155,0.6498888761939992,0.5157640040396687,Other,0.5941601326536984,False,0.6498888761939992
POAG,Sig 3,0.021463440731167793,0.013775214552879333,1.558120249145698,0.1192047454241314,Other,0.1799316912062361,False,1.558120249145698
POAG,Sig 4,0.049643125385046005,0.05268869176506996,0.9421969633711229,0.3460918083254585,Other,0.42523225596302067,False,0.9421969633711229
POAG,Sig 5,0.013650069944560528,0.014325984753668308,0.9528189635316549,0.34068180431876494,Other,0.4214620259613587,False,0.9528189635316549
POAG,Sig 6,-0.046214040368795395,0.023287333548069,-1.9845140395057161,0.047198564552835,Other,0.08079085356759118,False,1.9845140395057161
POAG,Sig 7,0.01655365526676178,0.01338367909193039,1.2368538690338675,0.2161413388548601,Other,0.29033911189458816,False,1.2368538690338675
POAG,Sig 8,0.009611746296286583,0.015307880006730556,0.6278953252874009,0.5300725135505797,Other,0.6077264486567155,False,0.6278953252874009
POAG,Sig 9,0.024076338857412338,0.014159506186842918,1.700365714715686,0.08906215663497075,Other,0.14062445784469066,False,1.700365714715686
POAG,Sig 10,0.15066328644752502,0.014338945038616657,10.507278327782766,0.0,Other,0.0,True,10.507278327782766
POAG,Sig 11,-0.0691039115190506,0.04553302004933357,-1.5176658926681936,0.12909864647043112,Other,0.19204757326179836,False,1.5176658926681936
POAG,Sig 12,0.0227469801902771,0.056687355041503906,0.4012707979340859,0.688220761015728,Other,0.7440224443413276,False,0.4012707979340859
POAG,Sig 13,0.003025191370397806,0.015428652055561543,0.19607619379214142,0.8445505291766087,Other,0.8742424446174315,False,0.19607619379214142
POAG,Sig 14,0.009678151458501816,0.014123796485364437,0.6852372496680088,0.49319422177690075,Other,0.5718193875674211,False,0.6852372496680088
POAG,Sig 15,0.007157442159950733,0.014351438730955124,0.49872645482662264,0.6179721049757145,Other,0.6876969328941491,False,0.49872645482662264
POAG,Sig 16,0.01336804497987032,0.01410298515111208,0.9478876164608451,0.34318666984658197,Other,0.423106853235512,False,0.9478876164608451
POAG,Sig 17,0.016889989376068115,0.013643133454024792,1.2379846193680297,0.21572176390001374,Other,0.29031714020188765,False,1.2379846193680297
POAG,Sig 18,0.02140689454972744,0.015044108033180237,1.4229420915160862,0.15475294299609477,Other,0.22329081955348343,False,1.4229420915160862
POAG,Sig 19,0.017257902771234512,0.01400754228234291,1.232043596469369,0.21793279909562324,Other,0.29111616947838354,False,1.232043596469369
POAG,Sig 20,0.0,0.0,,,Other,,False,
PC,Sig 0,0.02660360001027584,0.011651403270661831,2.2832957878355784,0.022412950974018075,Cancer,0.04159104304456963,True,2.2832957878355784
PC,Sig 1,0.027643252164125443,0.01119142398238182,2.4700388625829053,0.013509837446749051,Cancer,0.026432290656682927,True,2.4700388625829053
PC,Sig 2,0.029798557981848717,0.010716068558394909,2.7807360338792058,0.005423581693567492,Cancer,0.011691553351402977,True,2.7807360338792058
PC,Sig 3,0.03042181394994259,0.011101700365543365,2.7402841860480724,0.0061386081366852085,Cancer,0.013115127176300742,True,2.7402841860480724
PC,Sig 4,-0.16685345768928528,0.04689909517765045,-3.5577116585566566,0.00037409963489554166,Cancer,0.0009759120910318478,True,3.5577116585566566
PC,Sig 5,0.029604291543364525,0.010999505408108234,2.691420245272288,0.007114850780769455,Cancer,0.01502255883329621,True,2.691420245272288
PC,Sig 6,0.11303995549678802,0.022580020129680634,5.00619374329968,5.551687907168201e-07,Cancer,2.3153014820971587e-06,True,5.00619374329968
PC,Sig 7,0.033878393471241,0.011355096474289894,2.9835407869891855,0.0028493405631884183,Cancer,0.006533519762725036,True,2.9835407869891855
PC,Sig 8,0.046553101390600204,0.010835306718945503,4.296426727745716,1.7357330445832986e-05,Cancer,5.60416050269047e-05,True,4.296426727745716
PC,Sig 9,0.020585360005497932,0.013061560690402985,1.5760260579444445,0.11501979803008999,Cancer,0.17471361726089618,False,1.5760260579444445
PC,Sig 10,0.028891712427139282,0.01269756443798542,2.27537434980115,0.022883482742131367,Cancer,0.042246429677780986,True,2.27537434980115
PC,Sig 11,-0.20161621272563934,0.05081978812813759,-3.967277711140431,7.269826417077851e-05,Cancer,0.00021277540732910784,True,3.967277711140431
PC,Sig 12,-0.17876121401786804,0.04526093974709511,-3.949569209493515,7.829197155517775e-05,Cancer,0.00022548087807891192,True,3.949569209493515
PC,Sig 13,0.2175523042678833,0.02093532308936119,10.391638253647873,0.0,Cancer,0.0,True,10.391638253647873
PC,Sig 14,0.013028223998844624,0.011280683800578117,1.1549143854361867,0.24812548787340072,Cancer,0.32189252480873604,False,1.1549143854361867
PC,Sig 15,-0.0029128461610525846,0.017038365826010704,-0.17095807137829175,0.8642567343543361,Cancer,0.8841135811093582,False,0.17095807137829175
PC,Sig 16,0.039581023156642914,0.010579222813248634,3.7413923362191195,0.00018300357320200078,Cancer,0.0005009983753058577,True,3.7413923362191195
PC,Sig 17,0.037404708564281464,0.011456489562988281,3.264936292974278,0.001094886991530375,Cancer,0.002645364543294866,True,3.264936292974278
PC,Sig 18,0.034743063151836395,0.012101024389266968,2.8710844664235067,0.004090662036765114,Cancer,0.009006962282785571,True,2.8710844664235067
PC,Sig 19,0.039159469306468964,0.011074940674006939,3.535862670431893,0.0004064459224077943,Cancer,0.0010451466576200425,True,3.535862670431893
PC,Sig 20,0.0,0.0,,,Cancer,,False,
PSO,Sig 0,0.049167972058057785,0.016742799431085587,2.936663743744661,0.0033176362084883504,Autoimmune,0.007488081724487813,True,2.936663743744661
PSO,Sig 1,0.053740013390779495,0.016681985929608345,3.2214397984473777,0.0012754825546950066,Autoimmune,0.0030408855608622673,True,3.2214397984473777
PSO,Sig 2,0.05667664483189583,0.01602589711546898,3.536566123165034,0.0004053650122330943,Autoimmune,0.0010451466576200425,True,3.536566123165034
PSO,Sig 3,0.06015700846910477,0.01649271510541439,3.6474896998224287,0.0002648149238404507,Autoimmune,0.0007035673253325628,True,3.6474896998224287
PSO,Sig 4,0.03973216190934181,0.042222004383802414,0.9410297424104342,0.34668961758727024,Autoimmune,0.4252410982331083,False,0.9410297424104342
PSO,Sig 5,0.04892520606517792,0.016632268205285072,2.9415835207390075,0.003265387719576518,Autoimmune,0.007393330685833626,True,2.9415835207390075
PSO,Sig 6,0.07559064775705338,0.030275506898760796,2.49675911322718,0.012533406436026295,Autoimmune,0.024791353389942122,True,2.49675911322718
PSO,Sig 7,0.05180751532316208,0.01676238141953945,3.0907013762836506,0.0019968434857433603,Autoimmune,0.004652839190081617,True,3.0907013762836506
PSO,Sig 8,0.04709089919924736,0.01625647023320198,2.8967480962176886,0.003770523779810686,Autoimmune,0.008378941732912636,True,2.8967480962176886
PSO,Sig 9,0.05943603068590164,0.019351094961166382,3.0714556879172665,0.0021301777965268,Autoimmune,0.00493160132957973,True,3.0714556879172665
PSO,Sig 10,0.03110862337052822,0.01675271801650524,1.8569299226477247,0.06332112476369778,Autoimmune,0.10361638597695999,False,1.8569299226477247
PSO,Sig 11,-0.04013698548078537,0.05186010152101517,-0.7739472986669865,0.43896195738262334,Autoimmune,0.5181190316647357,False,0.7739472986669865
PSO,Sig 12,0.06708811968564987,0.0664932057261467,1.0089469886886389,0.3130000583537882,Autoimmune,0.3926133136145078,False,1.0089469886886389
PSO,Sig 13,0.06299027800559998,0.019279273226857185,3.2672537633758276,0.0010859629050274933,Autoimmune,0.002632637345521196,True,3.2672537633758276
PSO,Sig 14,0.06039102002978325,0.01698228158056736,3.556119343756968,0.0003763731565578077,Autoimmune,0.000978298457478778,True,3.556119343756968
PSO,Sig 15,0.06849885731935501,0.018208546563982964,3.761906919844319,0.00016862280536544816,Autoimmune,0.0004665052655412463,True,3.761906919844319
PSO,Sig 16,0.06117953732609749,0.016673671081662178,3.669230190907579,0.00024328194815592674,Autoimmune,0.000648751861749138,True,3.669230190907579
PSO,Sig 17,0.05550122261047363,0.016534745693206787,3.3566420458027375,0.0007889518276265051,Autoimmune,0.0019387212146453367,True,3.3566420458027375
PSO,Sig 18,0.03692584112286568,0.016389772295951843,2.252980728230501,0.02426036411709598,Autoimmune,0.04467381627700538,True,2.252980728230501
PSO,Sig 19,0.032567791640758514,0.01582861691713333,2.057526049891715,0.03963565178963657,Autoimmune,0.06926618759353964,False,2.057526049891715
PSO,Sig 20,0.0,0.0,,,Autoimmune,,False,
RA,Sig 0,0.07643444836139679,0.013109861873090267,5.830301577645806,5.532729163704175e-09,Autoimmune,2.907711677275187e-08,True,5.830301577645806
RA,Sig 1,0.10630425065755844,0.011827853508293629,8.987619823243369,0.0,Autoimmune,0.0,True,8.987619823243369
RA,Sig 2,0.07861428707838058,0.011781123466789722,6.672902401879543,2.507927199246751e-11,Autoimmune,1.6566124618877622e-10,True,6.672902401879543
RA,Sig 3,0.08363907039165497,0.012250958941876888,6.827144780132712,8.662182082730396e-12,Autoimmune,6.055117572394064e-11,True,6.827144780132712
RA,Sig 4,0.1296452134847641,0.04839891195297241,2.678680330887107,0.007391292031583063,Autoimmune,0.015500171541059725,True,2.678680330887107
RA,Sig 5,0.0698382705450058,0.012731126509606838,5.4856316518657025,4.1199458733487404e-08,Autoimmune,1.9262084602669436e-07,True,5.4856316518657025
RA,Sig 6,0.0023131431080400944,0.03373807668685913,0.06856179531244755,0.9453384301972945,Autoimmune,0.9506196504777262,False,0.06856179531244755
RA,Sig 7,0.08605430275201797,0.012028989382088184,7.153909611073186,8.433254095052689e-13,Autoimmune,6.1332757054928644e-12,True,7.153909611073186
RA,Sig 8,0.06024233251810074,0.013212249614298344,4.559581772729019,5.12555957898897e-06,Autoimmune,1.80902102787846e-05,True,4.559581772729019
RA,Sig 9,0.08041000366210938,0.012863734737038612,6.2509065450941295,4.0807712764490134e-10,Autoimmune,2.3505242552346317e-09,True,6.2509065450941295
RA,Sig 10,0.059759557247161865,0.0150914853438735,3.959819453518649,7.500644838542847e-05,Autoimmune,0.00021688611581328714,True,3.959819453518649
RA,Sig 11,0.013836679048836231,0.05063917860388756,0.2732405901973693,0.7846682802141145,Autoimmune,0.8283888002260447,False,0.2732405901973693
RA,Sig 12,-0.032079849392175674,0.06995104998350143,-0.4586042582597686,0.6465183781729151,Autoimmune,0.7117633521169708,False,0.4586042582597686
RA,Sig 13,0.05711665004491806,0.016563614830374718,3.4483203473299984,0.000564084581290647,Autoimmune,0.0014200730717806498,True,3.4483203473299984
RA,Sig 14,0.10968772321939468,0.013253074139356613,8.276398522035251,2.220446049250313e-16,Autoimmune,1.949659945683202e-15,True,8.276398522035251
RA,Sig 15,0.09029625356197357,0.01833890751004219,4.923753146828855,8.489992369131727e-07,Autoimmune,3.3772345335772617e-06,True,4.923753146828855
RA,Sig 16,0.08385282009840012,0.012467778287827969,6.725562338581516,1.749156375296934e-11,Autoimmune,1.1661042501979563e-10,True,6.725562338581516
RA,Sig 17,0.07097708433866501,0.011624791659414768,6.105665066365433,1.0237348746500174e-09,Autoimmune,5.5006649981194965e-09,True,6.105665066365433
RA,Sig 18,0.052324194461107254,0.015214099548757076,3.4391910144548716,0.0005834553984820356,Autoimmune,0.0014637208603033645,True,3.4391910144548716
RA,Sig 19,0.056177668273448944,0.01176072284579277,4.7767190001884705,1.781784855658941e-06,Autoimmune,6.647073036655117e-06,True,4.7767190001884705
RA,Sig 20,0.0,0.0,,,Autoimmune,,False,
SCZ,Sig 0,0.02618904784321785,0.009806905873119831,2.670469991457809,0.007574514177541403,Neurological,0.015807681761825534,True,2.670469991457809
SCZ,Sig 1,-0.013751007616519928,0.010295422747731209,-1.3356428340497453,0.18166604255189123,Neurological,0.2559678094664612,False,1.3356428340497453
SCZ,Sig 2,0.036846309900283813,0.01107777189463377,3.326148096453646,0.0008805512978093955,Neurological,0.002149142150585643,True,3.326148096453646
SCZ,Sig 3,0.04153626412153244,0.010485770180821419,3.9612029832107796,7.457310354785918e-05,Neurological,0.00021650255868733309,True,3.9612029832107796
SCZ,Sig 4,0.11565271764993668,0.04363495856523514,2.650460123092212,0.008038221569706572,Neurological,0.01653577008625352,True,2.650460123092212
SCZ,Sig 5,0.012591643258929253,0.011761310510337353,1.0705986588707181,0.2843499267621026,Neurological,0.3629999065048118,False,1.0705986588707181
SCZ,Sig 6,0.005983295384794474,0.026928314939141273,0.22219345689906272,0.8241632874583562,Neurological,0.86249646361921,False,0.22219345689906272
SCZ,Sig 7,0.036622531712055206,0.010847741737961769,3.376051218466451,0.0007353422871150261,Neurological,0.0018256774024924787,True,3.376051218466451
SCZ,Sig 8,0.04152974858880043,0.013297476805746555,3.123129988905353,0.001789386995203035,Neurological,0.004224126677200607,True,3.123129988905353
SCZ,Sig 9,0.01560551393777132,0.011444353498518467,1.3635994326627134,0.17269367077199949,Neurological,0.24524544961704067,False,1.3635994326627134
SCZ,Sig 10,0.0048874071799218655,0.012627478688955307,0.3870453714720313,0.6987226189434936,Neurological,0.7519884688181098,False,0.3870453714720313
SCZ,Sig 11,0.09264715015888214,0.0467405840754509,1.9821564490791699,0.04746173327401082,Neurological,0.08097736482769619,False,1.9821564490791699
SCZ,Sig 12,-0.05904403328895569,0.05248619243502617,-1.1249441148173898,0.26061271654814,Neurological,0.3367951304043191,False,1.1249441148173898
SCZ,Sig 13,0.05917813628911972,0.013410354033112526,4.412869052002541,1.0200970079976557e-05,Neurological,3.416138817480521e-05,True,4.412869052002541
SCZ,Sig 14,0.0734868124127388,0.012868918478488922,5.710410904815031,1.1270372635152626e-08,Neurological,5.5579919844588294e-08,True,5.710410904815031
SCZ,Sig 15,-0.035753242671489716,0.01505773514509201,-2.3744103829016607,0.01757700246501548,Neurological,0.033838079611794504,True,2.3744103829016607
SCZ,Sig 16,0.03759752959012985,0.010813703760504723,3.476841091897547,0.0005073584240560258,Neurological,0.001286260793381474,True,3.476841091897547
SCZ,Sig 17,0.04215636104345322,0.010215218178927898,4.126819447715172,3.678149464536595e-05,Neurological,0.00011394230014097947,True,4.126819447715172
SCZ,Sig 18,0.021743474528193474,0.011616607196629047,1.8717577482092258,0.06124012615187868,Neurological,0.1006687005236362,False,1.8717577482092258
SCZ,Sig 19,0.014453914947807789,0.011590708047151566,1.247026056476322,0.21238794362482483,Neurological,0.2873985820171742,False,1.247026056476322
SCZ,Sig 20,0.0,0.0,,,Neurological,,False,
SLE,Sig 0,0.020447995513677597,0.01221624854952097,1.6738359104914753,0.0941628526424716,Autoimmune,0.14674730281943624,False,1.6738359104914753
SLE,Sig 1,0.011904241517186165,0.009425678290426731,1.2629586063081324,0.2066040561566771,Autoimmune,0.28173280385001426,False,1.2629586063081324
SLE,Sig 2,0.015517252497375011,0.010608472861349583,1.462722552075318,0.1435433126305321,Autoimmune,0.21092078590608798,False,1.462722552075318
SLE,Sig 3,0.016807133331894875,0.010434241034090519,1.6107672112406628,0.10723047018571918,Autoimmune,0.16357190367313096,False,1.6107672112406628
SLE,Sig 4,0.012453678995370865,0.05715751647949219,0.21788348693980045,0.8275198935790038,Autoimmune,0.8643964835640118,False,0.21788348693980045
SLE,Sig 5,0.005398185458034277,0.01095849834382534,0.49260266221383614,0.6222933666073498,Autoimmune,0.6903716856044558,False,0.49260266221383614
SLE,Sig 6,-0.0245385579764843,0.024739420041441917,-0.9918808903110442,0.32125563209132024,Autoimmune,0.40087357903942905,False,0.9918808903110442
SLE,Sig 7,0.012530078180134296,0.009612539783120155,1.3035137916555006,0.19239941099470848,Autoimmune,0.26691247768052045,False,1.3035137916555006
SLE,Sig 8,0.006220582872629166,0.011491170153021812,0.5413358944122283,0.5882760840408376,Autoimmune,0.6597488792981356,False,0.5413358944122283
SLE,Sig 9,0.015809692442417145,0.012688090093433857,1.246026180929999,0.21275478363215816,Autoimmune,0.2873985820171742,False,1.246026180929999
SLE,Sig 10,0.0020745410583913326,0.012006847187876701,0.1727798335341516,0.8628244891371637,Autoimmune,0.8841135811093582,False,0.1727798335341516
SLE,Sig 11,0.07993726432323456,0.048460036516189575,1.649550228806143,0.09903496184158955,Autoimmune,0.1523614797562916,False,1.649550228806143
SLE,Sig 12,-0.05193129926919937,0.06013471633195877,-0.8635826763117253,0.3878171841028739,Autoimmune,0.4653806209234487,False,0.8635826763117253
SLE,Sig 13,-0.002471946645528078,0.01366807147860527,-0.18085555445019685,0.8564809558810922,Autoimmune,0.8822121433968332,False,0.18085555445019685
SLE,Sig 14,0.02263428270816803,0.011830835603177547,1.91316010697409,0.05572755884073466,Autoimmune,0.09352877008235187,False,1.91316010697409
SLE,Sig 15,0.004064308013767004,0.016532188281416893,0.24584210780707805,0.805804459815674,Autoimmune,0.8469769504631902,False,0.24584210780707805
SLE,Sig 16,0.021254634484648705,0.010605654679238796,2.0040850968168824,0.04506094557152829,Autoimmune,0.07761693974043149,False,2.0040850968168824
SLE,Sig 17,0.008252657018601894,0.009585794992744923,0.8609256743804741,0.389278980128269,Autoimmune,0.4663575136312041,False,0.8609256743804741
SLE,Sig 18,0.007475820370018482,0.014505576342344284,0.5153756178715403,0.6062905670796215,Autoimmune,0.6767894702284146,False,0.5153756178715403
SLE,Sig 19,0.011451398022472858,0.009526540525257587,1.2020520977275981,0.2293433439578969,Autoimmune,0.3029857021095152,False,1.2020520977275981
SLE,Sig 20,0.0,0.0,,,Autoimmune,,False,
T1D,Sig 0,0.028326770290732384,0.010671846568584442,2.654345722521924,0.007946236676821483,Metabolic,0.01644048967618238,True,2.654345722521924
T1D,Sig 1,0.0037052228581160307,0.00897187739610672,0.412981887126978,0.6796198843339951,Metabolic,0.7358290476999646,False,0.412981887126978
T1D,Sig 2,0.023507114499807358,0.007308045867830515,3.2166074111937313,0.0012971596709230315,Metabolic,0.00308235961407453,True,3.2166074111937313
T1D,Sig 3,0.0300450436770916,0.008142810314893723,3.6897634250594398,0.00022446269304565725,Metabolic,0.0006041967901718555,True,3.6897634250594398
T1D,Sig 4,-0.0399911031126976,0.050932470709085464,-0.7851789350867655,0.43234866424257934,Metabolic,0.51115113013901,False,0.7851789350867655
T1D,Sig 5,0.025139624252915382,0.00880696251988411,2.854517002446173,0.004310232449094231,Metabolic,0.009404143525296504,True,2.854517002446173
T1D,Sig 6,0.07083864510059357,0.024757327511906624,2.8613203531974483,0.004218805213776378,Metabolic,0.009232643628933106,True,2.8613203531974483
T1D,Sig 7,0.025143450126051903,0.007605239283293486,3.3060695646072307,0.0009461459470867517,Metabolic,0.002301436087508315,True,3.3060695646072307
T1D,Sig 8,0.01600736379623413,0.008466312661767006,1.8907125729624579,0.058662723171724496,Metabolic,0.09732064673650147,False,1.8907125729624579
T1D,Sig 9,0.0005720845656469464,0.010362635366618633,0.05520647455084775,0.9559739708584303,Metabolic,0.9599738619498881,False,0.05520647455084775
T1D,Sig 10,0.047685928642749786,0.009292938746511936,5.131415362083226,2.875715299222037e-07,Metabolic,1.2324494139523016e-06,True,5.131415362083226
T1D,Sig 11,0.049068477004766464,0.056158918887376785,0.873743262457923,0.3822580850933148,Metabolic,0.45947549460298276,False,0.873743262457923
T1D,Sig 12,-0.06882549077272415,0.06691605597734451,-1.0285347779018255,0.30369834019704856,Metabolic,0.3829471189875218,False,1.0285347779018255
T1D,Sig 13,0.03768831863999367,0.012968391180038452,2.9061676284106293,0.003658853799751949,Metabolic,0.008155958934431589,True,2.9061676284106293
T1D,Sig 14,0.025256644934415817,0.010150592774152756,2.488194088401298,0.01283936420616083,Metabolic,0.02525776565146393,True,2.488194088401298
T1D,Sig 15,0.13719481229782104,0.018441129475831985,7.439610056294092,1.0103029524088925e-13,Metabolic,7.906718757982637e-13,True,7.439610056294092
T1D,Sig 16,0.0381399467587471,0.00960984081029892,3.9688427219181723,7.222252845573429e-05,Metabolic,0.00021224579791072934,True,3.9688427219181723
T1D,Sig 17,0.03257359564304352,0.0070294225588440895,4.633893519754471,3.5885162443793917e-06,Metabolic,1.291865847976581e-05,True,4.633893519754471
T1D,Sig 18,0.015289990231394768,0.011918722651898861,1.2828547721058687,0.19954296073699762,Metabolic,0.27575994574018864,False,1.2828547721058687
T1D,Sig 19,0.00626326585188508,0.010099177248775959,0.6201758517154653,0.535142018121292,Metabolic,0.6115908778529052,False,0.6201758517154653
T1D,Sig 20,0.0,0.0,,,Metabolic,,False,
T2D,Sig 0,0.1705080270767212,0.017507201060652733,9.739308213003639,0.0,Metabolic,0.0,True,9.739308213003639
T2D,Sig 1,0.1628309041261673,0.016338156536221504,9.96629599950111,0.0,Metabolic,0.0,True,9.96629599950111
T2D,Sig 2,0.17134743928909302,0.015457045286893845,11.085394142849534,0.0,Metabolic,0.0,True,11.085394142849534
T2D,Sig 3,0.15156297385692596,0.015775691717863083,9.607374216454081,0.0,Metabolic,0.0,True,9.607374216454081
T2D,Sig 4,-0.23577697575092316,0.059336885809898376,-3.9735313461899215,7.081483371207398e-05,Metabolic,0.0002098217295172562,True,3.9735313461899215
T2D,Sig 5,0.20458075404167175,0.01628304086625576,12.564038604462123,0.0,Metabolic,0.0,True,12.564038604462123
T2D,Sig 6,0.07484734058380127,0.0293977539986372,2.546022413388145,0.010895819216093505,Metabolic,0.02179163843218701,True,2.546022413388145
T2D,Sig 7,0.17347349226474762,0.015695620328187943,11.05235018670811,0.0,Metabolic,0.0,True,11.05235018670811
T2D,Sig 8,0.1424829512834549,0.016398010775446892,8.689038764189483,0.0,Metabolic,0.0,True,8.689038764189483
T2D,Sig 9,0.17534705996513367,0.015826404094696045,11.079399901326815,0.0,Metabolic,0.0,True,11.079399901326815
T2D,Sig 10,0.17496271431446075,0.017563551664352417,9.961693264442125,0.0,Metabolic,0.0,True,9.961693264442125
T2D,Sig 11,0.045064158737659454,0.038145892322063446,1.1813633393914476,0.23745841515442567,Metabolic,0.31085465256579364,False,1.1813633393914476
T2D,Sig 12,0.03140149638056755,0.04854906350374222,0.6467992194771602,0.5177618975975671,Metabolic,0.5955088918055085,False,0.6467992194771602
T2D,Sig 13,0.15022197365760803,0.020861579105257988,7.200891787704883,5.981881656680343e-13,Metabolic,4.440159580216338e-12,True,7.200891787704883
T2D,Sig 14,0.18710309267044067,0.016254037618637085,11.511176303413123,0.0,Metabolic,0.0,True,11.511176303413123
T2D,Sig 15,1.1791361570358276,0.020343732088804245,57.96066089981302,0.0,Metabolic,0.0,True,57.96066089981302
T2D,Sig 16,0.18021565675735474,0.015933098271489143,11.310772938608842,0.0,Metabolic,0.0,True,11.310772938608842
T2D,Sig 17,0.15104152262210846,0.015760788694024086,9.583373367563635,0.0,Metabolic,0.0,True,9.583373367563635
T2D,Sig 18,0.13021081686019897,0.017658093944191933,7.374001818753925,1.6564527527407336e-13,Metabolic,1.2824150343799227e-12,True,7.374001818753925
T2D,Sig 19,0.134797140955925,0.016325069591403008,8.25706378776547,2.220446049250313e-16,Metabolic,1.949659945683202e-15,True,8.25706378776547
T2D,Sig 20,0.0,0.0,,,Metabolic,,False,
UC,Sig 0,0.03634178638458252,0.01781568117439747,2.0398763330367924,0.04136264453717642,Autoimmune,0.07176169654642656,False,2.0398763330367924
UC,Sig 1,0.04177670553326607,0.015599784441292286,2.6780309491126073,0.007405637514061869,Autoimmune,0.015500171541059725,True,2.6780309491126073
UC,Sig 2,0.04152556508779526,0.015847472473978996,2.620327320711792,0.008784540594439338,Autoimmune,0.017866862225978317,True,2.620327320711792
UC,Sig 3,0.039310749620199203,0.015064098872244358,2.6095652951820014,0.009065734302901252,Autoimmune,0.018335192972159835,True,2.6095652951820014
UC,Sig 4,-0.0018155500292778015,0.0686938688158989,-0.0264295789503939,0.9789147017952402,Autoimmune,0.9816414836943913,False,0.0264295789503939
UC,Sig 5,0.044975899159908295,0.01606874354183674,2.798968011581528,0.005126621593301017,Autoimmune,0.011117974539688952,True,2.798968011581528
UC,Sig 6,0.05036730691790581,0.022534893825650215,2.235080728917192,0.02541204929611185,Autoimmune,0.04667519258469524,True,2.235080728917192
UC,Sig 7,0.0415179505944252,0.015745852142572403,2.636754760459881,0.008370332098666555,Autoimmune,0.01712113383818159,True,2.636754760459881
UC,Sig 8,0.04004271700978279,0.013570057228207588,2.9508141591729946,0.0031693754870822932,Autoimmune,0.007198581547947165,True,2.9508141591729946
UC,Sig 9,0.034495629370212555,0.016407182440161705,2.1024712497725218,0.035512015551781406,Autoimmune,0.06297697339232171,False,2.1024712497725218
UC,Sig 10,0.040094755589962006,0.015547098591923714,2.5789220640042845,0.009910914417305516,Autoimmune,0.019988398824817847,True,2.5789220640042845
UC,Sig 11,-0.003702456597238779,0.04510151594877243,-0.08209162196330902,0.9345738553431389,Autoimmune,0.9437491947364095,False,0.08209162196330902
UC,Sig 12,0.04225621744990349,0.057113002985715866,0.7398703489724029,0.45937866756812684,Autoimmune,0.5378091717870753,False,0.7398703489724029
UC,Sig 13,0.018886856734752655,0.01946161687374115,0.9704669893196799,0.3318137715445839,Autoimmune,0.41119778917745337,False,0.9704669893196799
UC,Sig 14,0.05608173459768295,0.01805339753627777,3.106436585412156,0.001893569179675758,Autoimmune,0.004455456893354725,True,3.106436585412156
UC,Sig 15,0.07357511669397354,0.02005118876695633,3.669364322938439,0.00024315434598620733,Autoimmune,0.000648751861749138,True,3.669364322938439
UC,Sig 16,0.05018419027328491,0.016165006905794144,3.1044954428876252,0.0019060386393763284,Autoimmune,0.004470188339905396,True,3.1044954428876252
UC,Sig 17,0.06815022975206375,0.015236148610711098,4.472930232785584,7.715495632609759e-06,Autoimmune,2.6080548617272425e-05,True,4.472930232785584
UC,Sig 18,0.03449995443224907,0.016406599432229996,2.1028095782283516,0.03548241841889155,Autoimmune,0.06297697339232171,False,2.1028095782283516
UC,Sig 19,0.04021183401346207,0.015200624242424965,2.6454067525220957,0.008159277181001956,Autoimmune,0.016736978832824524,True,2.6454067525220957
UC,Sig 20,0.0,0.0,,,Autoimmune,,False,
VTE,Sig 0,0.07638062536716461,0.015227035619318485,5.01611917622763,5.272563055047641e-07,Other,2.2200265494937435e-06,True,5.01611917622763
VTE,Sig 1,0.06742263585329056,0.015051002614200115,4.479610932342777,7.4779218712794915e-06,Other,2.5638589272958257e-05,True,4.479610932342777
VTE,Sig 2,0.06255520135164261,0.015012659132480621,4.166830193080277,3.088643922910528e-05,Other,9.668798367372088e-05,True,4.166830193080277
VTE,Sig 3,0.09907539188861847,0.015408864244818687,6.429766030415454,1.2780043689986087e-10,Other,7.668026213991652e-10,True,6.429766030415454
VTE,Sig 4,-0.0367223396897316,0.04836807772517204,-0.759226775527205,0.44771691157589144,Other,0.5267257783245782,False,0.759226775527205
VTE,Sig 5,0.05859968811273575,0.014851595275104046,3.945683074933189,7.957280628878571e-05,Other,0.0002282566554897439,True,3.945683074933189
VTE,Sig 6,0.018754955381155014,0.03372041881084442,0.5561898707830835,0.5780810629748458,Other,0.6513589441970095,False,0.5561898707830835
VTE,Sig 7,0.07289627194404602,0.014733146876096725,4.947773381823405,7.506723160854989e-07,Other,3.0535823027206737e-06,True,4.947773381823405
VTE,Sig 8,0.0665188878774643,0.013524336740374565,4.91845841717943,8.722844186959122e-07,Other,3.4507955025332793e-06,True,4.91845841717943
VTE,Sig 9,0.07248128205537796,0.016590803861618042,4.368762518075427,1.2495255244493464e-05,Other,4.108029121477303e-05,True,4.368762518075427
VTE,Sig 10,0.06228215619921684,0.015642574056982994,3.9815797561408055,6.845874151673037e-05,Other,0.0002045240410458335,True,3.9815797561408055
VTE,Sig 11,0.13430121541023254,0.03983323276042938,3.37158714227303,0.0007473639096924334,Other,0.0018428151197895618,True,3.37158714227303
VTE,Sig 12,-0.020943718031048775,0.05533544719219208,-0.3784864692302327,0.7050692435054129,Other,0.7576863512296974,False,0.3784864692302327
VTE,Sig 13,0.07464300841093063,0.01701778545975685,4.386176367509402,1.153605952075587e-05,Other,3.810074704102856e-05,True,4.386176367509402
VTE,Sig 14,0.08794742822647095,0.015511386096477509,5.669862620880992,1.429120666252004e-08,Other,6.952478916901641e-08,True,5.669862620880992
VTE,Sig 15,0.0675644725561142,0.016719840466976166,4.040975910599309,5.322922659511953e-05,Other,0.0001610295930608658,True,4.040975910599309
VTE,Sig 16,0.0734536424279213,0.015669813379645348,4.68758884667609,2.7644269910975794e-06,Other,1.005246178580938e-05,True,4.68758884667609
VTE,Sig 17,0.05390248820185661,0.015104180201888084,3.5687132622476643,0.0003587387790462415,Other,0.0009392433487756143,True,3.5687132622476643
VTE,Sig 18,0.061843179166316986,0.014326718635857105,4.316632491932594,1.5842760300310843e-05,Other,5.138192529830543e-05,True,4.316632491932594
VTE,Sig 19,0.06795606017112732,0.014234477654099464,4.774046636797824,1.805605399862742e-06,Other,6.7012159170163625e-06,True,4.774046636797824
VTE,Sig 20,0.0,0.0,,,Other,,False,
