prs,signature,effect,sem,z_score,p_value,category,p_value_fdr,significant_fdr,abs_z_score
AAM,Sig 0,-0.0014961743727326393,0.00204825634136796,-0.7304624633718433,0.4651075493579975,Other,0.6933280238876981,False,0.7304624633718433
AAM,Sig 1,-0.007461403496563435,0.002182394964620471,-3.418906118059619,0.0006287341527091428,Other,0.0059564288151392475,True,3.418906118059619
AAM,Sig 2,-0.0061030033975839615,0.002941431477665901,-2.074841261448268,0.03800124906484048,Other,0.14951311107478224,False,2.074841261448268
AAM,Sig 3,0.00021423430007416755,0.0023419244680553675,0.09147788624116406,0.9271128767755132,Other,0.9802074468111154,False,0.09147788624116406
AAM,Sig 4,-0.0007712665828876197,0.000991019536741078,-0.778255679422723,0.43641829807146015,Other,0.6772008073522657,False,0.778255679422723
AAM,Sig 5,-0.006155630107969046,0.0028597014024853706,-2.1525429552257376,0.03135461590101207,Other,0.13358179555460764,False,2.1525429552257376
AAM,Sig 6,0.004307036753743887,0.0016296404646709561,2.642936799322499,0.008219037534853424,Other,0.050578692522174916,False,2.642936799322499
AAM,Sig 7,-0.009650548920035362,0.0019428031519055367,-4.9673323365622135,6.788020212589174e-07,Other,1.0624727289270012e-05,True,4.9673323365622135
AAM,Sig 8,0.011890364810824394,0.0015072626993060112,7.888714300631916,3.1086244689504383e-15,Other,8.952838470577262e-14,True,7.888714300631916
AAM,Sig 9,-0.004491972737014294,0.0021065501496195793,-2.1323834791331677,0.03297533441160305,Other,0.13675387755472218,False,2.1323834791331677
AAM,Sig 10,-0.004201206378638744,0.0021787097211927176,-1.9283001942722442,0.05381779767606454,Other,0.18573382033122313,False,1.9283001942722442
AAM,Sig 11,-0.0020229623187333345,0.0012049871729686856,-1.6788247743330176,0.09318619879111889,Other,0.26730702442073945,False,1.6788247743330176
AAM,Sig 12,-0.0012303221737965941,0.0008786691469140351,-1.4002109646362297,0.16145015339574442,Other,0.3894455234188553,False,1.4002109646362297
AAM,Sig 13,-9.772278281161562e-05,0.0020344238728284836,-0.04803462253701854,0.9616886496491,Other,0.9835452098683977,False,0.04803462253701854
AAM,Sig 14,-0.0053020562045276165,0.0017911710310727358,-2.9601060493660425,0.003075331602079512,Other,0.02236604801512372,True,2.9601060493660425
AAM,Sig 15,-0.0037619699724018574,0.0017623341409489512,-2.134651928365966,0.03278945238024766,Other,0.13675387755472218,False,2.134651928365966
AAM,Sig 16,-0.001553370151668787,0.002630912233144045,-0.5904302439661576,0.5549022392100684,Other,0.7539960996784841,False,0.5904302439661576
AAM,Sig 17,0.0021879554260522127,0.0027278645429760218,0.8020762730634771,0.42250883900899683,Other,0.6701493816403595,False,0.8020762730634771
AAM,Sig 18,-0.002062878105789423,0.0014826401602476835,-1.3913545316651934,0.16411794519990552,Other,0.3912745713375231,False,1.3913545316651934
AAM,Sig 19,-0.0013064194936305285,0.0019452201668173075,-0.6716049503887472,0.5018352259299048,Other,0.7257163818404114,False,0.6716049503887472
AAM,Sig 20,0.0,0.0,,,Other,,False,
AMD,Sig 0,0.0022270423360168934,0.0015974853886291385,1.3940924604812825,0.16328968564315005,Other,0.3912745713375231,False,1.3940924604812825
AMD,Sig 1,-0.002609072718769312,0.0026634761597961187,-0.9795742714547251,0.3272963101841668,Other,0.599626827818321,False,0.9795742714547251
AMD,Sig 2,-0.004236314911395311,0.0028781050350517035,-1.4719111567515146,0.14104487041935876,Other,0.3550779954613228,False,1.4719111567515146
AMD,Sig 3,0.0012356049846857786,0.0025722875725477934,0.480352584941325,0.6309767034202847,Other,0.8055021745790868,False,0.480352584941325
AMD,Sig 4,-0.0004439918848220259,0.0010778317227959633,-0.4119306153564334,0.6803902801656287,Other,0.8475449856734475,False,0.4119306153564334
AMD,Sig 5,0.0016069489065557718,0.003133050398901105,0.5129023481778007,0.6080196307842509,Other,0.7930690836316315,False,0.5129023481778007
AMD,Sig 6,0.0028316695243120193,0.0016211874317377806,1.7466638766602705,0.08069565990821914,Other,0.24603093759534633,False,1.7466638766602705
AMD,Sig 7,0.0004884671070612967,0.0027284054085612297,0.17903025170987333,0.8579139479972975,Other,0.9495308369860359,False,0.17903025170987333
AMD,Sig 8,-0.0022051078267395496,0.0015992377884685993,-1.378849250961685,0.16794123791604543,Other,0.39645144688377937,False,1.378849250961685
AMD,Sig 9,-0.00044463685480877757,0.0022271310444921255,-0.19964557357700183,0.8417577826671603,Other,0.9484594734277862,False,0.19964557357700183
AMD,Sig 10,0.010592449456453323,0.002325128298252821,4.555640849759922,5.222610570010389e-06,Other,7.52055922081496e-05,True,4.555640849759922
AMD,Sig 11,0.0016121286898851395,0.0013845559442415833,1.1643651501335421,0.24427606438633376,Other,0.5112754835993032,False,1.1643651501335421
AMD,Sig 12,0.0009855576790869236,0.0009420755668543279,1.0461556522241482,0.2954891742841257,Other,0.5777950008542487,False,1.0461556522241482
AMD,Sig 13,0.001175582641735673,0.0014952350175008178,0.7862193086546209,0.43173901596146314,Other,0.6755332274014262,False,0.7862193086546209
AMD,Sig 14,0.0013521971413865685,0.0022174406331032515,0.6098008312827763,0.5419937507860189,Other,0.7504528857037185,False,0.6098008312827763
AMD,Sig 15,0.0009862246224656701,0.0014066932490095496,0.7010943026562965,0.4832441656446864,Other,0.7144472264151421,False,0.7010943026562965
AMD,Sig 16,0.00560523197054863,0.0027000035624951124,2.076009101769019,0.037893109199855335,Other,0.14951311107478224,False,2.076009101769019
AMD,Sig 17,-0.0012129764072597027,0.002715781796723604,-0.4466398621284934,0.6551351092782549,Other,0.8270284860424654,False,0.4466398621284934
AMD,Sig 18,0.003935713320970535,0.00131404388230294,2.9951155923902357,0.002743408550085036,Other,0.020792149011170796,True,2.9951155923902357
AMD,Sig 19,0.0036679990589618683,0.0022308132611215115,1.6442429865769361,0.10012602084226052,Other,0.28110666096690995,False,1.6442429865769361
AMD,Sig 20,0.0,0.0,,,Other,,False,
AD,Sig 0,0.0003362263087183237,0.0018940831068903208,0.17751402116158216,0.8591046528317721,Neurological,0.9495308369860359,False,0.17751402116158216
AD,Sig 1,-0.0003701073583215475,0.002865636022761464,-0.12915365223699776,0.8972360691210386,Neurological,0.9685306893060686,False,0.12915365223699776
AD,Sig 2,-0.007674614433199167,0.003119486151263118,-2.46021750412055,0.013885283689658579,Neurological,0.07573791103450134,False,2.46021750412055
AD,Sig 3,-0.00040107639506459236,0.002357688033953309,-0.1701142769054471,0.8649202658187753,Neurological,0.9495308369860359,False,0.1701142769054471
AD,Sig 4,-0.002594258403405547,0.001123052672483027,-2.3100059925682204,0.020887822358839347,Neurological,0.10161643309705629,False,2.3100059925682204
AD,Sig 5,0.0020289532840251923,0.003562816884368658,0.5694800911399434,0.5690303778023429,Neurological,0.7587071704031239,False,0.5694800911399434
AD,Sig 6,0.0014292473206296563,0.0017801015637814999,0.8029021207045525,0.42203131020324447,Neurological,0.6701493816403595,False,0.8029021207045525
AD,Sig 7,-0.0030525377951562405,0.002369851805269718,-1.288071173213645,0.19772118886929269,Neurological,0.449082826453914,False,1.288071173213645
AD,Sig 8,-0.0014959728578105569,0.001569252461194992,-0.9533028590386071,0.3404366433316963,Neurological,0.6158652844191491,False,0.9533028590386071
AD,Sig 9,-1.2236193470016588e-05,0.0018947330536320806,-0.0064580039106620305,0.9948472942024018,Neurological,0.9962309482972591,False,0.0064580039106620305
AD,Sig 10,-0.0027948752976953983,0.002522631548345089,-1.1079205362070843,0.267896135689492,Neurological,0.5446107984094535,False,1.1079205362070843
AD,Sig 11,0.003360666334629059,0.0015859579434618354,2.1190135264831693,0.034089323828256024,Neurological,0.14025321803625335,False,2.1190135264831693
AD,Sig 12,-0.0005415598279796541,0.0009371942142024636,-0.577852295471662,0.5633638449087508,Neurological,0.7553481719446938,False,0.577852295471662
AD,Sig 13,0.0005681982729583979,0.0017373639857396483,0.32704619044839855,0.7436329494996317,Neurological,0.8941488733632864,False,0.32704619044839855
AD,Sig 14,-0.006329684518277645,0.0024187408853322268,-2.61693369333699,0.008872357430965039,Neurological,0.053681490338612,False,2.61693369333699
AD,Sig 15,-0.003217137884348631,0.0016071866266429424,-2.0017201680358183,0.04531483606816056,Neurological,0.16478122206603837,False,2.0017201680358183
AD,Sig 16,-0.002493169391527772,0.0027329279109835625,-0.9122704559852429,0.36162636273905635,Neurological,0.6319684009032053,False,0.9122704559852429
AD,Sig 17,0.0019290648633614182,0.0020790277048945427,0.9278687623161178,0.35347564989927927,Neurological,0.6268533692795101,False,0.9278687623161178
AD,Sig 18,-0.002394796581938863,0.0013612827751785517,-1.7592205128906822,0.07854006142249759,Neurological,0.2416617274538387,False,1.7592205128906822
AD,Sig 19,-0.003920875955373049,0.002065154490992427,-1.8985872352285083,0.05761876804561372,Neurological,0.19476766663306047,False,1.8985872352285083
AD,Sig 20,0.0,0.0,,,Neurological,,False,
AST,Sig 0,0.008786515332758427,0.002009402262046933,4.37270102592987,1.2271872927627214e-05,Other,0.00016991824053637684,True,4.37270102592987
AST,Sig 1,0.007257633842527866,0.0021942283492535353,3.3076018933931257,0.000940984730679606,Other,0.008262304952308735,True,3.3076018933931257
AST,Sig 2,0.014677206985652447,0.002668895525857806,5.499356135694021,3.8118056044922355e-08,Other,7.037179577524126e-07,True,5.499356135694021
AST,Sig 3,0.0019838865846395493,0.002390732057392597,0.8298238936918905,0.4066383594959724,Other,0.6654082246297729,False,0.8298238936918905
AST,Sig 4,0.021668855100870132,0.0009823722066357732,22.057683385686556,0.0,Other,0.0,True,22.057683385686556
AST,Sig 5,0.003526974469423294,0.003306608647108078,1.066644059165558,0.2861325969023971,Other,0.5706799716612907,False,1.066644059165558
AST,Sig 6,-0.0006755749927833676,0.001900755101814866,-0.3554245321442619,0.7222715730722222,Other,0.8814161569694916,False,0.3554245321442619
AST,Sig 7,0.02722041867673397,0.0025566183030605316,10.647040523862465,0.0,Other,0.0,True,10.647040523862465
AST,Sig 8,-0.0011942745186388493,0.0017312179552391171,-0.6898464257632397,0.4902907696688632,Other,0.7160433147293742,False,0.6898464257632397
AST,Sig 9,0.004992624279111624,0.0020352161955088377,2.4531174084251943,0.014162410519106494,Other,0.07609653413251251,False,2.4531174084251943
AST,Sig 10,-0.00010515777103137225,0.002886529779061675,-0.03643051659960907,0.9709390815958221,Other,0.9873956761991411,False,0.03643051659960907
AST,Sig 11,0.0007959760841913521,0.0013335844269022346,0.596869660543588,0.5505944047256648,Other,0.7539960996784841,False,0.596869660543588
AST,Sig 12,8.023192640393972e-05,0.0006683192332275212,0.12005030293154191,0.9044433000875591,Other,0.9748490659626385,False,0.12005030293154191
AST,Sig 13,-0.0012964922934770584,0.0014163934392854571,-0.9153475704682122,0.3600091931925089,Other,0.6306730391693587,False,0.9153475704682122
AST,Sig 14,0.019053075462579727,0.0021123425103724003,9.019879763353682,0.0,Other,0.0,True,9.019879763353682
AST,Sig 15,0.0012206756509840488,0.002029257360845804,0.6015381166217701,0.5474816321638076,Other,0.7539960996784841,False,0.6015381166217701
AST,Sig 16,0.007409323006868362,0.002864148933440447,2.586919597776713,0.009683818550912049,Other,0.05715040456275963,False,2.586919597776713
AST,Sig 17,0.009686331264674664,0.002965377178043127,3.2664752856386183,0.0010889531262576746,Other,0.009333883939351497,True,3.2664752856386183
AST,Sig 18,0.0021305244881659746,0.0014594725798815489,1.4597906925657271,0.1443476073282297,Other,0.3603604856635361,False,1.4597906925657271
AST,Sig 19,-0.000909940165001899,0.0018362135160714388,-0.49555248179890715,0.6202101855902828,Other,0.8008412084892396,False,0.49555248179890715
AST,Sig 20,0.0,0.0,,,Other,,False,
AF,Sig 0,0.03790101036429405,0.0017158131813630462,22.089240702875006,0.0,Cardiovascular,0.0,True,22.089240702875006
AF,Sig 1,0.0023743619676679373,0.0028113205917179585,0.8445717555880022,0.3983499843019538,Cardiovascular,0.6570629523022857,False,0.8445717555880022
AF,Sig 2,-0.0007423172937706113,0.0029864900279790163,-0.2485584371004727,0.8037023619793935,Cardiovascular,0.9333317752018763,False,0.2485584371004727
AF,Sig 3,0.003089240286499262,0.002312082564458251,1.3361288796462631,0.18150715200460787,Cardiovascular,0.418862658472172,False,1.3361288796462631
AF,Sig 4,-0.0008906677248887718,0.0010985228000208735,-0.8107867445917807,0.41748814798433775,Cardiovascular,0.6701493816403595,False,0.8107867445917807
AF,Sig 5,0.008726798929274082,0.0032735669519752264,2.6658379245942867,0.007679670686322471,Cardiovascular,0.048503183282036656,True,2.6658379245942867
AF,Sig 6,-0.002760940697044134,0.0022942156065255404,-1.2034355834696036,0.22880780491131203,Cardiovascular,0.4949223622342876,False,1.2034355834696036
AF,Sig 7,0.003959499299526215,0.0029231091029942036,1.3545506376995693,0.17556076960035538,Cardiovascular,0.41040179906576585,False,1.3545506376995693
AF,Sig 8,0.0015506409108638763,0.0015390473417937756,1.007532951557285,0.3136787309567537,Cardiovascular,0.5910519669680852,False,1.007532951557285
AF,Sig 9,0.00019259790133219212,0.002046464243903756,0.09411251718955022,0.9250197772361841,Cardiovascular,0.9794327053089008,False,0.09411251718955022
AF,Sig 10,0.0026840525679290295,0.0018400168046355247,1.4587108993608857,0.14464469493994714,Cardiovascular,0.3603604856635361,False,1.4587108993608857
AF,Sig 11,0.004949060268700123,0.0012287312420085073,4.027780933290421,5.630576899307016e-05,Cardiovascular,0.0006434945027779447,True,4.027780933290421
AF,Sig 12,0.0010557540226727724,0.0008797275950200856,1.2000919701156674,0.23010362378654658,Cardiovascular,0.4949223622342876,False,1.2000919701156674
AF,Sig 13,0.0028903763741254807,0.001669529010541737,1.73125256037785,0.08340672856880804,Cardiovascular,0.24820217453241453,False,1.73125256037785
AF,Sig 14,0.002994090784341097,0.001600816030986607,1.8703528240504899,0.061434838535102454,Cardiovascular,0.20290405387740262,False,1.8703528240504899
AF,Sig 15,0.0031123897060751915,0.001949228229932487,1.5967292379009879,0.11032607532996574,Cardiovascular,0.29862697081795236,False,1.5967292379009879
AF,Sig 16,0.004105154890567064,0.0026236928533762693,1.564647662657766,0.11766554659084005,Cardiovascular,0.3149412399457429,False,1.564647662657766
AF,Sig 17,0.002818991895765066,0.002848047763109207,0.9897979704833247,0.32227287702586427,Cardiovascular,0.5983238352943242,False,0.9897979704833247
AF,Sig 18,-0.00015335057105403394,0.0014857735950499773,-0.10321261029603615,0.9177942317954875,Cardiovascular,0.979057507719485,False,0.10321261029603615
AF,Sig 19,-0.0010047524701803923,0.0014534426154568791,-0.691291461730366,0.4893823964212509,Cardiovascular,0.7160433147293742,False,0.691291461730366
AF,Sig 20,0.0,0.0,,,Cardiovascular,,False,
BD,Sig 0,0.00018599274335429072,0.002349475398659706,0.07916352027367178,0.9369025601016814,Neurological,0.9804794233622246,False,0.07916352027367178
BD,Sig 1,0.007434414234012365,0.002515546977519989,2.9553867609905486,0.0031227730956835398,Neurological,0.022483966288921485,True,2.9553867609905486
BD,Sig 2,0.0008929151808843017,0.002787887817248702,0.3202837558096214,0.7487532360942433,Neurological,0.8952946825594623,False,0.3202837558096214
BD,Sig 3,-0.0015382551355287433,0.0026468068826943636,-0.5811739215226951,0.5611232418371976,Neurological,0.7553481719446938,False,0.5811739215226951
BD,Sig 4,-0.0009651471627876163,0.0009188427939079702,-1.0503942232410692,0.29353690049893766,Neurological,0.5774496403257791,False,1.0503942232410692
BD,Sig 5,-0.0018627513200044632,0.0037999427877366543,-0.4902050962493482,0.6239887749478659,Neurological,0.8008412084892396,False,0.4902050962493482
BD,Sig 6,6.74241891829297e-05,0.0016312453662976623,0.041332953690442195,0.9670304622633412,Neurological,0.984811786180489,False,0.041332953690442195
BD,Sig 7,0.007600171957165003,0.002545492025092244,2.9857378778822086,0.0028289501732476907,Neurological,0.02121712629935768,True,2.9857378778822086
BD,Sig 8,0.00022255927615333349,0.0019873231649398804,0.11198947412262779,0.9108317525012917,Neurological,0.9773455466481819,False,0.11198947412262779
BD,Sig 9,0.004012407269328833,0.002158760093152523,1.8586628880420681,0.06307493699476452,Neurological,0.2064270665283202,False,1.8586628880420681
BD,Sig 10,-0.0017553357174620032,0.00281651527620852,-0.6232296101106065,0.5331336462915157,Neurological,0.7439074134300219,False,0.6232296101106065
BD,Sig 11,0.0010118505451828241,0.0015577265294268727,0.6495687953360528,0.5159707950166024,Neurological,0.7297584764165025,False,0.6495687953360528
BD,Sig 12,-0.0001439045008737594,0.0010962617816403508,-0.1312683733792427,0.8955630096541776,Neurological,0.9681762266531649,False,0.1312683733792427
BD,Sig 13,0.0011569202179089189,0.001960612367838621,0.5900810567589694,0.5551363082153662,Neurological,0.7539960996784841,False,0.5900810567589694
BD,Sig 14,0.0020447303541004658,0.002292684745043516,0.891849766314756,0.3724734628656452,Neurological,0.6350816138377511,False,0.891849766314756
BD,Sig 15,-0.0007371784886345267,0.0022156457416713238,-0.3327149619498523,0.73934945441597,Neurological,0.893173837549494,False,0.3327149619498523
BD,Sig 16,0.001576160779222846,0.002396569587290287,0.6576736964291335,0.5107478278401754,Neurological,0.7275650622183455,False,0.6576736964291335
BD,Sig 17,0.007896889001131058,0.0033409930765628815,2.3636352486115153,0.018096619872984165,Neurological,0.08985907798999034,False,2.3636352486115153
BD,Sig 18,-0.00038183905417099595,0.0016433628043159842,-0.23235225548988164,0.8162644287632339,Neurological,0.9342303085929226,False,0.23235225548988164
BD,Sig 19,0.000187322759302333,0.002099787350744009,0.08921034753160109,0.9289147420275043,Neurological,0.9804794233622246,False,0.08921034753160109
BD,Sig 20,0.0,0.0,,,Neurological,,False,
BMI,Sig 0,0.00888670701533556,0.0023874614853411913,3.72224099525759,0.00019746241886609006,Metabolic,0.0020024357969518993,True,3.72224099525759
BMI,Sig 1,0.023615647107362747,0.002613816177472472,9.03493034854455,0.0,Metabolic,0.0,True,9.03493034854455
BMI,Sig 2,0.008232287131249905,0.002883472014218569,2.8549911671263035,0.0043038025878421315,Metabolic,0.02948702584546232,True,2.8549911671263035
BMI,Sig 3,0.0048851496540009975,0.002906255656853318,1.6809084371091707,0.09278070091147295,Metabolic,0.26730702442073945,False,1.6809084371091707
BMI,Sig 4,-0.0011180193396285176,0.001126644667237997,-0.9923442342911677,0.3210296321600963,Metabolic,0.5983238352943242,False,0.9923442342911677
BMI,Sig 5,0.017550770193338394,0.0031617183703929186,5.551022620385159,2.840033297424327e-08,Metabolic,5.381115721435567e-07,True,5.551022620385159
BMI,Sig 6,0.005473733879625797,0.001844636513851583,2.967378038178749,0.0030035141548248045,Metabolic,0.022066634606876117,True,2.967378038178749
BMI,Sig 7,0.032477013766765594,0.0029841375071555376,10.883216235475185,0.0,Metabolic,0.0,True,10.883216235475185
BMI,Sig 8,9.659569332143292e-05,0.0015790521865710616,0.061173211463765545,0.9512212639210764,Metabolic,0.9835452098683977,False,0.061173211463765545
BMI,Sig 9,0.009323885664343834,0.002141503384336829,4.3538972352505585,1.3373841828423494e-05,Metabolic,0.0001816823795559418,True,4.3538972352505585
BMI,Sig 10,0.0012514351401478052,0.0027707002591341734,0.45166745699835137,0.6515085656927893,Metabolic,0.825115312983438,False,0.45166745699835137
BMI,Sig 11,-0.00011116543464595452,0.0013849694514647126,-0.08026562212501398,0.9360259995371178,Metabolic,0.9804794233622246,False,0.08026562212501398
BMI,Sig 12,0.0023492746986448765,0.0007443292415700853,3.156230559596618,0.0015982247252304127,Metabolic,0.01307638411552156,True,3.156230559596618
BMI,Sig 13,-8.351712313015014e-05,0.0016323605086654425,-0.05116340580821246,0.9591953115690071,Metabolic,0.9835452098683977,False,0.05116340580821246
BMI,Sig 14,0.016050156205892563,0.0023860468063503504,6.72667282266879,1.7358559034619248e-11,Metabolic,4.1660541683086194e-10,True,6.72667282266879
BMI,Sig 15,0.02195524051785469,0.0016047643730416894,13.6812861044768,0.0,Metabolic,0.0,True,13.6812861044768
BMI,Sig 16,0.013198571279644966,0.00244867242872715,5.3900926578839075,7.042136496160367e-08,Metabolic,1.2366678724964548e-06,True,5.3900926578839075
BMI,Sig 17,0.00896077323704958,0.0023047758731991053,3.8879152377674493,0.0001011089204947524,Metabolic,0.0010550496051626337,True,3.8879152377674493
BMI,Sig 18,0.014185145497322083,0.0014619962312281132,9.702586911189373,0.0,Metabolic,0.0,True,9.702586911189373
BMI,Sig 19,0.0024309298023581505,0.0019125111866742373,1.2710669716841854,0.20370482410243085,Metabolic,0.4569080166783495,False,1.2710669716841854
BMI,Sig 20,0.0,0.0,,,Metabolic,,False,
CRC,Sig 0,0.0007064566016197205,0.002215355634689331,0.31889083204412455,0.7498092966435497,Cancer,0.8952946825594623,False,0.31889083204412455
CRC,Sig 1,-0.0006968202069401741,0.002174054505303502,-0.3205164384058976,0.7485768710765801,Cancer,0.8952946825594623,False,0.3205164384058976
CRC,Sig 2,0.005882679484784603,0.0028230659663677216,2.0837910112151974,0.03717918133024689,Cancer,0.14871672532098756,False,2.0837910112151974
CRC,Sig 3,-0.00014730566181242466,0.0026762965135276318,-0.05504086003469801,0.9561059115127344,Cancer,0.9835452098683977,False,0.05504086003469801
CRC,Sig 4,-0.0016296247486025095,0.0009483922622166574,-1.718302450922176,0.08574146256697013,Cancer,0.24993462772558095,False,1.718302450922176
CRC,Sig 5,0.0006264448165893555,0.0036081483121961355,0.17361947525046817,0.8621645254385717,Cancer,0.9495308369860359,False,0.17361947525046817
CRC,Sig 6,0.010264823213219643,0.0015361554687842727,6.682151267764139,2.354605399546017e-11,Cancer,5.468760927977846e-10,True,6.682151267764139
CRC,Sig 7,0.0007414292776957154,0.002659639809280634,0.2787705594977741,0.7804209092467449,Cancer,0.9211525486191088,False,0.2787705594977741
CRC,Sig 8,0.0005886155413463712,0.0013797738356515765,0.4266029157368437,0.6696685736562218,Cancer,0.8400023920426475,False,0.4266029157368437
CRC,Sig 9,-0.003617484588176012,0.0018015482928603888,-2.0079864650380204,0.04464472997594848,Cancer,0.16400104889123934,False,2.0079864650380204
CRC,Sig 10,-0.002022210042923689,0.0018276239279657602,-1.10646945029578,0.2685233797713278,Cancer,0.5446107984094535,False,1.10646945029578
CRC,Sig 11,-0.0014154005330055952,0.0011507592862471938,-1.2299709851757425,0.2187079702507706,Cancer,0.4800906664041306,False,1.2299709851757425
CRC,Sig 12,0.001831479137763381,0.0008571034995839,2.1368237775863865,0.032612327412143705,Cancer,0.13675387755472218,False,2.1368237775863865
CRC,Sig 13,-0.001277439994737506,0.001592530868947506,-0.8021445735502498,0.42246933370365936,Cancer,0.6701493816403595,False,0.8021445735502498
CRC,Sig 14,0.0014721727930009365,0.0018776722718030214,0.7840413980163286,0.43301581951402146,Cancer,0.6755332274014262,False,0.7840413980163286
CRC,Sig 15,0.0056866430677473545,0.0021567156072705984,2.6367143857896065,0.008371328332434924,Cancer,0.05107929151994191,False,2.6367143857896065
CRC,Sig 16,0.002444957848638296,0.002423846395686269,1.0087098972070174,0.3131137838138467,Cancer,0.5910519669680852,False,1.0087098972070174
CRC,Sig 17,0.039663203060626984,0.0028778077103197575,13.782436859278533,0.0,Cancer,0.0,True,13.782436859278533
CRC,Sig 18,0.0011741076596081257,0.001022804295644164,1.1479299261924496,0.250997492873009,Cancer,0.5223069215854522,False,1.1479299261924496
CRC,Sig 19,0.002907199552282691,0.001743110129609704,1.667823221779817,0.09535082463837519,Cancer,0.27243092753821485,False,1.667823221779817
CRC,Sig 20,0.0,0.0,,,Cancer,,False,
BC,Sig 0,-0.0011510211043059826,0.00210825027897954,-0.5459603709210054,0.5850931782481843,Cancer,0.7729671345664086,False,0.5459603709210054
BC,Sig 1,-0.0004077074700035155,0.002400397090241313,-0.1698500100925087,0.8651280959206105,Cancer,0.9495308369860359,False,0.1698500100925087
BC,Sig 2,-0.001984820468351245,0.002997733885422349,-0.6621069595280652,0.5079026759157534,Cancer,0.7257163818404114,False,0.6621069595280652
BC,Sig 3,0.0014546953607350588,0.0022445109207183123,0.6481124004821112,0.516912254128356,Cancer,0.7297584764165025,False,0.6481124004821112
BC,Sig 4,-0.0008598031708970666,0.0010548591380938888,-0.8150881381666895,0.4150218609332348,Cancer,0.6699904481433386,False,0.8150881381666895
BC,Sig 5,-0.00563211552798748,0.0026948098093271255,-2.089986279734442,0.03661903220619678,Cancer,0.1481219280250656,False,2.089986279734442
BC,Sig 6,0.018659401684999466,0.0015459867427125573,12.069574188107238,0.0,Cancer,0.0,True,12.069574188107238
BC,Sig 7,0.007302219979465008,0.0024565637577325106,2.9725342794298966,0.0029535222708558795,Cancer,0.021923051907383848,True,2.9725342794298966
BC,Sig 8,0.001408106880262494,0.0015764639247208834,0.8932059009925031,0.3717469185730211,Cancer,0.6350816138377511,False,0.8932059009925031
BC,Sig 9,0.003654375672340393,0.002277396386489272,1.6046287304309848,0.108575534782267,Cancer,0.29499767940842353,False,1.6046287304309848
BC,Sig 10,-0.002824151422828436,0.002353719202801585,-1.1998676050511483,0.23019076303364727,Cancer,0.4949223622342876,False,1.1998676050511483
BC,Sig 11,-0.002105704275891185,0.0010404913919046521,-2.0237594393132143,0.04299490944526041,Cancer,0.16400104889123934,False,2.0237594393132143
BC,Sig 12,0.0022284809965640306,0.0008596820407547057,2.592215366750794,0.009536005409763071,Cancer,0.05674317268619347,False,2.592215366750794
BC,Sig 13,0.002730446169152856,0.001664226409047842,1.6406698958196637,0.10086595723621095,Cancer,0.281327294549235,False,1.6406698958196637
BC,Sig 14,0.004428412299603224,0.0025038025341928005,1.7686747413692898,0.07694816982196762,Cancer,0.2398384513931458,False,1.7686747413692898
BC,Sig 15,0.0028701871633529663,0.0015398829709738493,1.8638995413643733,0.062335813160194764,Cancer,0.20493965970474992,False,1.8638995413643733
BC,Sig 16,0.006832077167928219,0.002666875021532178,2.5618287744144235,0.010412263810655409,Cancer,0.06067530610041992,False,2.5618287744144235
BC,Sig 17,-0.0036613016854971647,0.0033308544661849737,-1.0992079427867265,0.27167737501444966,Cancer,0.5494598595797858,False,1.0992079427867265
BC,Sig 18,0.0023924745619297028,0.0012637990294024348,1.8930814997230552,0.05834703202863811,Cancer,0.1963077713113058,False,1.8930814997230552
BC,Sig 19,0.015084494836628437,0.0023386322427541018,6.450135494097228,1.1175016467745991e-10,Cancer,2.514378705242848e-09,True,6.450135494097228
BC,Sig 20,0.0,0.0,,,Cancer,,False,
CVD,Sig 0,0.013823618181049824,0.0034136392641812563,4.049525187414712,5.1321654250369164e-05,Cardiovascular,0.0005959934041978354,True,4.049525187414712
CVD,Sig 1,-0.005645856726914644,0.0036286842077970505,-1.555896408616446,0.11973272754496045,Cardiovascular,0.31627007919839906,False,1.555896408616446
CVD,Sig 2,-0.010092784650623798,0.004613751079887152,-2.1875442510588714,0.028702816512827356,Cardiovascular,0.12593388512495807,False,2.1875442510588714
CVD,Sig 3,-0.0015500468434765935,0.004522665869444609,-0.34272857828140685,0.7318026610837531,Cardiovascular,0.8872481987489468,False,0.34272857828140685
CVD,Sig 4,-0.0031920738983899355,0.001537577249109745,-2.0760413177537203,0.03789012977267592,Cardiovascular,0.14951311107478224,False,2.0760413177537203
CVD,Sig 5,0.0770270973443985,0.005426590330898762,14.19438222668287,0.0,Cardiovascular,0.0,True,14.19438222668287
CVD,Sig 6,-0.007852938026189804,0.0025949033442884684,-3.0262930769558616,0.002475722083125076,Cardiovascular,0.018962977657979305,True,3.0262930769558616
CVD,Sig 7,0.0030388988088816404,0.004773648455739021,0.6365987854066184,0.5243862165545863,Cardiovascular,0.7345487858352181,False,0.6365987854066184
CVD,Sig 8,0.00197607115842402,0.003104008501395583,0.6366191192889984,0.5243729683539036,Cardiovascular,0.7345487858352181,False,0.6366191192889984
CVD,Sig 9,-0.0013083579251542687,0.0030500299762934446,-0.42896559552645885,0.667948262375599,Cardiovascular,0.8393067171211716,False,0.42896559552645885
CVD,Sig 10,-0.00783393532037735,0.004149770829826593,-1.8877995054740666,0.05905287161466921,Cardiovascular,0.1968429053822307,False,1.8877995054740666
CVD,Sig 11,0.011858424171805382,0.0021710721775889397,5.462012868210869,4.707659462255265e-08,Cardiovascular,8.473787032059477e-07,True,5.462012868210869
CVD,Sig 12,-0.0013864036882296205,0.0014788474654778838,-0.9374893087987337,0.34850692064639976,Cardiovascular,0.6230594680407577,False,0.9374893087987337
CVD,Sig 13,-0.0032169544138014317,0.0030495652463287115,-1.0548895183253533,0.29147585660873343,Cardiovascular,0.5749660733103783,False,1.0548895183253533
CVD,Sig 14,3.538732562446967e-05,0.00323769124224782,0.010929802435361761,0.9912794530114803,Cardiovascular,0.9962309482972591,False,0.010929802435361761
CVD,Sig 15,-0.0019199538510292768,0.0034358908887952566,-0.5587936035135503,0.576302588402269,Cardiovascular,0.7669831121065318,False,0.5587936035135503
CVD,Sig 16,0.002890488598495722,0.004910070914775133,0.5886857132343674,0.556072123512882,Cardiovascular,0.7539960996784841,False,0.5886857132343674
CVD,Sig 17,-0.010220695286989212,0.004902639426290989,-2.084733221900741,0.03709352326435367,Cardiovascular,0.14871672532098756,False,2.084733221900741
CVD,Sig 18,-0.005129662342369556,0.0023472465109080076,-2.185395661909068,0.028859848674469557,Cardiovascular,0.12593388512495807,False,2.185395661909068
CVD,Sig 19,-0.004234957043081522,0.00318322516977787,-1.3303982022035352,0.18338710660474877,Cardiovascular,0.42184893532082784,False,1.3303982022035352
CVD,Sig 20,0.0,0.0,,,Cardiovascular,,False,
CED,Sig 0,0.00018888428166974336,0.0027175783179700375,0.069504632275266,0.944587945550285,Other,0.9828082670465393,False,0.069504632275266
CED,Sig 1,0.0002543098235037178,0.0029742070473730564,0.08550508402847569,0.9318598538056104,Other,0.9804794233622246,False,0.08550508402847569
CED,Sig 2,0.0020932513289153576,0.003670507576316595,0.570289336118457,0.5684814724518392,Other,0.7587071704031239,False,0.570289336118457
CED,Sig 3,0.00395204545930028,0.002663149032741785,1.4839745769809736,0.13781566527434097,Other,0.34979594884050363,False,1.4839745769809736
CED,Sig 4,8.167815394699574e-06,0.0012212746078148484,0.006687943352325767,0.9946638330355522,Other,0.9962309482972591,False,0.006687943352325767
CED,Sig 5,-0.0071450769901275635,0.004131945315748453,-1.729228352295683,0.0837682339046899,Other,0.24820217453241453,False,1.729228352295683
CED,Sig 6,-0.002067245077341795,0.002052992582321167,-1.0069423022486101,0.3139625018742105,Other,0.5910519669680852,False,1.0069423022486101
CED,Sig 7,0.007478143088519573,0.0033787619322538376,2.213279076318704,0.02687841124300072,Other,0.12024849636443434,False,2.213279076318704
CED,Sig 8,-0.002807601820677519,0.0017086078878492117,-1.643210148240458,0.10033946092846646,Other,0.28110666096690995,False,1.643210148240458
CED,Sig 9,-0.0022872453555464745,0.002021545311436057,-1.1314341274505841,0.25787241420947016,Other,0.5302315111247557,False,1.1314341274505841
CED,Sig 10,0.0025133746676146984,0.0031676357612013817,0.7934544427107544,0.427513101953918,Other,0.6743122471430514,False,0.7934544427107544
CED,Sig 11,-0.001089622383005917,0.0018127629300579429,-0.601083773801072,0.5477841902381091,Other,0.7539960996784841,False,0.601083773801072
CED,Sig 12,-0.0024441233836114407,0.0011457470245659351,-2.13321381701811,0.032907190186199475,Other,0.13675387755472218,False,2.13321381701811
CED,Sig 13,-0.0009531868854537606,0.0020801208447664976,-0.4582363028820856,0.64678268105882,Other,0.821311341027073,False,0.4582363028820856
CED,Sig 14,0.0009230641881003976,0.0024006131570786238,0.38451184247598696,0.7005991202649997,Other,0.8649569007680129,False,0.38451184247598696
CED,Sig 15,-0.009174566715955734,0.00222501577809453,-4.123371531240418,3.733667380312333e-05,Other,0.00045563398539404744,True,4.123371531240418
CED,Sig 16,0.0007375127170234919,0.0032578022219240665,0.22638351464685136,0.8209031485436848,Other,0.936688220208325,False,0.22638351464685136
CED,Sig 17,0.0022665574215352535,0.003580170450732112,0.6330864557221747,0.5266771865556374,Other,0.7363253870292407,False,0.6330864557221747
CED,Sig 18,-0.0013511388096958399,0.001555112306959927,-0.8688368059649448,0.38493639840026184,Other,0.6457270230654645,False,0.8688368059649448
CED,Sig 19,-0.0006267790449783206,0.0026960354298353195,-0.2324817537789575,0.8161638574073904,Other,0.9342303085929226,False,0.2324817537789575
CED,Sig 20,0.0,0.0,,,Other,,False,
CAD,Sig 0,0.005827038548886776,0.003381167072802782,1.7233808396390524,0.08481967750082076,Cardiovascular,0.24926599102282018,False,1.7233808396390524
CAD,Sig 1,0.00014223004109226167,0.0029421017970889807,0.04834300472981223,0.9614428817817127,Cardiovascular,0.9835452098683977,False,0.04834300472981223
CAD,Sig 2,0.01564435474574566,0.003923659212887287,3.9871848947435757,6.686191868321423e-05,Cardiovascular,0.0007406243300294499,True,3.9871848947435757
CAD,Sig 3,0.00021170778200030327,0.00421129260212183,0.05027144917302488,0.9599060752519093,Cardiovascular,0.9835452098683977,False,0.05027144917302488
CAD,Sig 4,0.0005870047607459128,0.0014055510982871056,0.41763316997957195,0.6762153410705185,Cardiovascular,0.8438042384242171,False,0.41763316997957195
CAD,Sig 5,0.15337957441806793,0.005630601197481155,27.240354810900506,0.0,Cardiovascular,0.0,True,27.240354810900506
CAD,Sig 6,0.0015798468375578523,0.0026621364522725344,0.5934507362345064,0.5528795428574096,Cardiovascular,0.7539960996784841,False,0.5934507362345064
CAD,Sig 7,0.01741507276892662,0.004108375869691372,4.238919057382856,2.2459861408696824e-05,Cardiovascular,0.00028370351253090726,True,4.238919057382856
CAD,Sig 8,0.001332021551206708,0.002529158489778638,0.526665907490555,0.598425614628521,Cardiovascular,0.7840014718837621,False,0.526665907490555
CAD,Sig 9,0.005151709076017141,0.0030145274940878153,1.7089607197548646,0.08745822578615181,Cardiovascular,0.25391097808882784,False,1.7089607197548646
CAD,Sig 10,0.006630689837038517,0.0032429464627057314,2.0446498002024502,0.04088939603263575,Cardiovascular,0.15913710888377158,False,2.0446498002024502
CAD,Sig 11,-0.0026454199105501175,0.0020678164437413216,-1.2793301448767531,0.20078082152115062,Cardiovascular,0.45317301409162525,False,1.2793301448767531
CAD,Sig 12,-0.00025311968056485057,0.0013709653867408633,-0.18462879005762575,0.8535202029403393,Cardiovascular,0.9495308369860359,False,0.18462879005762575
CAD,Sig 13,-0.0020839867647737265,0.002831683261319995,-0.7359533438080471,0.4617590919482788,Cardiovascular,0.6911986407541804,False,0.7359533438080471
CAD,Sig 14,0.008788135834038258,0.0031692329794168472,2.772953547787236,0.00555500496603778,Cardiovascular,0.036032464644569384,True,2.772953547787236
CAD,Sig 15,0.008719289675354958,0.0031024287454783916,2.8104721786319224,0.0049468865641217885,Cardiovascular,0.03328746099222138,True,2.8104721786319224
CAD,Sig 16,0.0024715408217161894,0.004305746406316757,0.5740098437033608,0.5659611400726825,Cardiovascular,0.7574201131084227,False,0.5740098437033608
CAD,Sig 17,0.003876773174852133,0.004853229038417339,0.7988028473752739,0.42440473925537003,Cardiovascular,0.6715855214590472,False,0.7988028473752739
CAD,Sig 18,0.00046475519775412977,0.001984273549169302,0.23421931817248448,0.8148147183538632,Cardiovascular,0.9342303085929226,False,0.23421931817248448
CAD,Sig 19,-0.0006855464307591319,0.002962337341159582,-0.23142078426853996,0.816987919851669,Cardiovascular,0.9342303085929226,False,0.23142078426853996
CAD,Sig 20,0.0,0.0,,,Cardiovascular,,False,
CD,Sig 0,0.004221437498927116,0.0024193923454731703,1.7448337830884195,0.08101380636137923,Autoimmune,0.24603093759534633,False,1.7448337830884195
CD,Sig 1,-0.004506874363869429,0.0030669565312564373,-1.4694940466023174,0.1416988354051827,Autoimmune,0.3554813989258938,False,1.4694940466023174
CD,Sig 2,-0.003026198595762253,0.003278794465586543,-0.92296074899617,0.35602766047354484,Autoimmune,0.6282841067180204,False,0.92296074899617
CD,Sig 3,0.0011937334202229977,0.002688468201085925,0.4440199142920215,0.6570281861337364,Autoimmune,0.8270284860424654,False,0.4440199142920215
CD,Sig 4,-0.0046814135275781155,0.0012005335884168744,-3.899444024511988,9.641382282632449e-05,Autoimmune,0.0010208522416904947,True,3.899444024511988
CD,Sig 5,0.000709201383870095,0.003935129847377539,0.18022312131395693,0.8569774074364978,Autoimmune,0.9495308369860359,False,0.18022312131395693
CD,Sig 6,-0.00037108093965798616,0.0017568533075973392,-0.21121908018915592,0.8327163227682073,Autoimmune,0.9426977238885366,False,0.21121908018915592
CD,Sig 7,0.008307322859764099,0.0026902579702436924,3.087927980011372,0.0020155731152307066,Autoimmune,0.016124584921845653,True,3.087927980011372
CD,Sig 8,-0.001997671788558364,0.001612984575331211,-1.2384940433470426,0.2155329294006405,Autoimmune,0.47602364775601586,False,1.2384940433470426
CD,Sig 9,-0.0008549730409868062,0.0027127054054290056,-0.31517356778798283,0.7526298734470955,Autoimmune,0.8971746835793192,False,0.31517356778798283
CD,Sig 10,-0.005522929597645998,0.003376467851921916,-1.6357121820373017,0.10189983870424868,Autoimmune,0.2821841687194579,False,1.6357121820373017
CD,Sig 11,0.00015104775957297534,0.0014271773397922516,0.1058367137436212,0.9157119070097499,Autoimmune,0.979057507719485,False,0.1058367137436212
CD,Sig 12,0.0015715041663497686,0.0008370412979274988,1.8774511726491732,0.060456283514663145,Autoimmune,0.20059227709934316,False,1.8774511726491732
CD,Sig 13,-0.0006287394789978862,0.0016998841892927885,-0.3698719494881965,0.7114779026648099,Autoimmune,0.8741708019089814,False,0.3698719494881965
CD,Sig 14,0.0003687460848595947,0.002402735874056816,0.15346925512748855,0.8780282339185344,Autoimmune,0.9563998917115655,False,0.15346925512748855
CD,Sig 15,-0.002266236813738942,0.002503110794350505,-0.9053681598328828,0.3652703779972284,Autoimmune,0.6333818583912039,False,0.9053681598328828
CD,Sig 16,0.0026474439073354006,0.0028178151696920395,0.9395378149038572,0.3474546865949726,Autoimmune,0.6230594680407577,False,0.9395378149038572
CD,Sig 17,0.008599115535616875,0.003499804064631462,2.457027701212863,0.014009188380075255,Autoimmune,0.07583921529063295,False,2.457027701212863
CD,Sig 18,0.0011185738258063793,0.0018288127612322569,0.611639337562738,0.5407764055084145,Autoimmune,0.7504528857037185,False,0.611639337562738
CD,Sig 19,0.0013553006574511528,0.0022396277636289597,0.6051454975960399,0.5450823258694126,Autoimmune,0.7532807574394954,False,0.6051454975960399
CD,Sig 20,0.0,0.0,,,Autoimmune,,False,
EOC,Sig 0,0.0022085257805883884,0.0018622883362695575,1.1859204278819662,0.2356537250844104,Other,0.5005034869049425,False,1.1859204278819662
EOC,Sig 1,0.0023480437230318785,0.0024354802444577217,0.9640988582745365,0.3349963650695793,Other,0.6090843001265078,False,0.9640988582745365
EOC,Sig 2,-0.0020485748536884785,0.0024918755516409874,-0.8221015902417037,0.41101908051074787,Other,0.6675709543707252,False,0.8221015902417037
EOC,Sig 3,0.0020195101387798786,0.0026732897385954857,0.75544005186692,0.449984989216742,Other,0.683852494870834,False,0.75544005186692
EOC,Sig 4,0.0008905151044018567,0.0010986608685925603,0.8105459381134155,0.4176264738579769,Other,0.6701493816403595,False,0.8105459381134155
EOC,Sig 5,0.0016815593698993325,0.0034525643568485975,0.4870464953285366,0.6262253818234509,Other,0.802070883814576,False,0.4870464953285366
EOC,Sig 6,0.003912537824362516,0.0019478986505419016,2.008594144913061,0.04458019276692937,Other,0.16400104889123934,False,2.008594144913061
EOC,Sig 7,0.0036015515215694904,0.0027206926606595516,1.3237627217682135,0.1855818603292536,Other,0.4255380236849127,False,1.3237627217682135
EOC,Sig 8,0.001764706103131175,0.0011367867700755596,1.5523633363659564,0.1205753109467258,Other,0.31684023314468096,False,1.5523633363659564
EOC,Sig 9,-0.0020419550128281116,0.0020169124472886324,-1.01241628786274,0.31133905379107496,Other,0.5910519669680852,False,1.01241628786274
EOC,Sig 10,-0.003377854824066162,0.0020726374350488186,-1.6297374383699679,0.10315700116759086,Other,0.2845710377036989,False,1.6297374383699679
EOC,Sig 11,-0.0006615313468500972,0.001128228846937418,-0.5863450031842625,0.5576436943830034,Other,0.754705751796546,False,0.5863450031842625
EOC,Sig 12,0.0025865130592137575,0.0007938013295643032,3.2583884189680394,0.001120469296499671,Other,0.00949103404093839,True,3.2583884189680394
EOC,Sig 13,0.0013526090187951922,0.0017778208712115884,0.760824130652368,0.44676211935081467,Other,0.683852494870834,False,0.760824130652368
EOC,Sig 14,0.004882353357970715,0.0020328962709754705,2.4016736257910263,0.016320262102000438,Other,0.08367387717905006,False,2.4016736257910263
EOC,Sig 15,0.0012303864350542426,0.0016142226522788405,0.762216063141769,0.4459310605718376,Other,0.683852494870834,False,0.762216063141769
EOC,Sig 16,0.002347443252801895,0.0023864395916461945,0.9836591971651798,0.32528310824791085,Other,0.5983512509821026,False,0.9836591971651798
EOC,Sig 17,-0.0021902043372392654,0.0029725998174399137,-0.7367975751022992,0.4612454580623413,Other,0.6911986407541804,False,0.7367975751022992
EOC,Sig 18,0.001414663391187787,0.0016166029963642359,0.8750839843606538,0.3815282106538729,Other,0.643326256840254,False,0.8750839843606538
EOC,Sig 19,-0.0035126167349517345,0.0017706949729472399,-1.9837503288921334,0.04728367990288396,Other,0.16937437577152462,False,1.9837503288921334
EOC,Sig 20,0.0,0.0,,,Other,,False,
EBMDT,Sig 0,0.001914783613756299,0.002690318040549755,0.7117313213143458,0.47663116835803,Other,0.7075761674593435,False,0.7117313213143458
EBMDT,Sig 1,0.0027767897117882967,0.004140340723097324,0.6706669565375827,0.5024327175668217,Other,0.7257163818404114,False,0.6706669565375827
EBMDT,Sig 2,-0.006421596743166447,0.003708199830725789,-1.7317288809404796,0.083321845921144,Other,0.24820217453241453,False,1.7317288809404796
EBMDT,Sig 3,0.0015295150224119425,0.002879829378798604,0.5311130699868127,0.5953404276647232,Other,0.7833084100302476,False,0.5311130699868127
EBMDT,Sig 4,0.0011075233342126012,0.0013517362531274557,0.8193338986434452,0.412595937076351,Other,0.6675709543707252,False,0.8193338986434452
EBMDT,Sig 5,0.005936690606176853,0.004931336734443903,1.203870456606797,0.2286396521761116,Other,0.4949223622342876,False,1.203870456606797
EBMDT,Sig 6,-0.0031114784069359303,0.0020092977210879326,-1.5485402557721624,0.12149227743912494,Other,0.31786837980867927,False,1.5485402557721624
EBMDT,Sig 7,-0.0005435853963717818,0.0036344018299132586,-0.14956667474073868,0.8811065020764877,Other,0.9583031442523733,False,0.14956667474073868
EBMDT,Sig 8,-0.0004305299953557551,0.0019247910240665078,-0.2236762276905126,0.8230092448586759,Other,0.9376054688263397,False,0.2236762276905126
EBMDT,Sig 9,0.0046267034485936165,0.0026894360780715942,1.7203247499792227,0.08537342697802819,Other,0.24987344481374105,False,1.7203247499792227
EBMDT,Sig 10,0.0002492519561201334,0.0035286599304527044,0.07063643451981953,0.9436871122696948,Other,0.9828082670465393,False,0.07063643451981953
EBMDT,Sig 11,-0.0007589393062517047,0.0013063676888123155,-0.580953825443811,0.5612715741638263,Other,0.7553481719446938,False,0.580953825443811
EBMDT,Sig 12,-0.0003732210607267916,0.0009958755690604448,-0.374766760348289,0.7078339369443094,Other,0.8711802300853039,False,0.374766760348289
EBMDT,Sig 13,0.0002547426847741008,0.0022521065548062325,0.11311306928637682,0.9099409137002012,Other,0.9773455466481819,False,0.11311306928637682
EBMDT,Sig 14,0.00038276566192507744,0.0027893753722310066,0.13722271506933564,0.8908547567170313,Other,0.9645344734379887,False,0.13722271506933564
EBMDT,Sig 15,-0.00025778645067475736,0.002642116043716669,-0.09756817884203478,0.9222751935170459,Other,0.9794327053089008,False,0.09756817884203478
EBMDT,Sig 16,0.002911037066951394,0.0033610097598284483,0.8661197898752839,0.3864244736777269,Other,0.6457270230654645,False,0.8661197898752839
EBMDT,Sig 17,-0.003482010681182146,0.0039947545155882835,-0.8716457213064496,0.38340167978995865,Other,0.6449747884317062,False,0.8716457213064496
EBMDT,Sig 18,-0.003657603170722723,0.0016516211908310652,-2.214553307397494,0.026790739937267105,Other,0.12024849636443434,False,2.214553307397494
EBMDT,Sig 19,0.00045202657929621637,0.00222451938316226,0.20320190631633836,0.8389772228937753,Other,0.9482945062535608,False,0.20320190631633836
EBMDT,Sig 20,0.0,0.0,,,Other,,False,
HBA1C_DF,Sig 0,-0.0011727431556209922,0.0023077684454619884,-0.508171934635419,0.6113327711811452,Metabolic,0.7945119047841597,False,0.508171934635419
HBA1C_DF,Sig 1,-0.004968529101461172,0.002598588354885578,-1.9120108393158515,0.05587480377168763,Metabolic,0.19066283751476348,False,1.9120108393158515
HBA1C_DF,Sig 2,0.0024505718611180782,0.0037526630330830812,0.6530220911161209,0.5137420368427152,Metabolic,0.728138319934557,False,0.6530220911161209
HBA1C_DF,Sig 3,3.729523086803965e-05,0.0023785587400197983,0.015679760285310096,0.9874898739659561,Metabolic,0.9957881082009641,False,0.015679760285310096
HBA1C_DF,Sig 4,0.00017773716535884887,0.0010755431139841676,0.16525340829941404,0.8687445293292773,Metabolic,0.9506019165913064,False,0.16525340829941404
HBA1C_DF,Sig 5,0.005991315934807062,0.0034622407983988523,1.7304734949625127,0.08354571277516909,Metabolic,0.24820217453241453,False,1.7304734949625127
HBA1C_DF,Sig 6,-0.001424059271812439,0.0016634728526696563,-0.8560760516933055,0.39195571422076636,Metabolic,0.6517886042082229,False,0.8560760516933055
HBA1C_DF,Sig 7,-0.0013077894691377878,0.002943154890090227,-0.4443495221883125,0.6567899023417318,Metabolic,0.8270284860424654,False,0.4443495221883125
HBA1C_DF,Sig 8,-0.0010354521218687296,0.0011733260471373796,-0.8824930839939779,0.37751021812281627,Metabolic,0.6395467224668887,False,0.8824930839939779
HBA1C_DF,Sig 9,0.00037677044747397304,0.0022666959557682276,0.16622010839838383,0.8679837353596802,Metabolic,0.9506019165913064,False,0.16622010839838383
HBA1C_DF,Sig 10,-0.004373383242636919,0.0024776470381766558,-1.7651357014336349,0.07754096176869796,Metabolic,0.240347432236602,False,1.7651357014336349
HBA1C_DF,Sig 11,7.031685527181253e-05,0.0013978162314742804,0.05030479235288974,0.9598795048616029,Metabolic,0.9835452098683977,False,0.05030479235288974
HBA1C_DF,Sig 12,-0.0003311437030788511,0.000665554020088166,-0.4975459438063111,0.6188041124788197,Metabolic,0.8008412084892396,False,0.4975459438063111
HBA1C_DF,Sig 13,0.00022561052173841745,0.001938064000569284,0.11641025356858543,0.9073274094711856,Metabolic,0.9764958666954464,False,0.11641025356858543
HBA1C_DF,Sig 14,-0.0010044254595413804,0.0015321921091526747,-0.6555479913656799,0.5121149982121544,Metabolic,0.7275650622183455,False,0.6555479913656799
HBA1C_DF,Sig 15,0.013614863157272339,0.0019788951613008976,6.880032567426221,5.983880058124669e-12,Metabolic,1.4856529799481934e-10,True,6.880032567426221
HBA1C_DF,Sig 16,0.0007383028860203922,0.00280743557959795,0.2629812386028547,0.7925650397195549,Metabolic,0.9250778690904252,False,0.2629812386028547
HBA1C_DF,Sig 17,0.0001377465669065714,0.0031962478533387184,0.043096334585781534,0.9656247411633472,Metabolic,0.9847731071354249,False,0.043096334585781534
HBA1C_DF,Sig 18,-0.002055042888969183,0.001532867201603949,-1.340652919456326,0.18003316705944616,Metabolic,0.4181415492993588,False,1.340652919456326
HBA1C_DF,Sig 19,-0.001962534850463271,0.002313208533450961,-0.8484037742742816,0.3962131414383987,Metabolic,0.6558010616911427,False,0.8484037742742816
HBA1C_DF,Sig 20,0.0,0.0,,,Metabolic,,False,
HEIGHT,Sig 0,0.01697291061282158,0.0021778016816824675,7.793597899928659,6.439293542825908e-15,Cardiovascular,1.7831889810902517e-13,True,7.793597899928659
HEIGHT,Sig 1,0.00056024658260867,0.002410314977169037,0.2324370830847555,0.8161985493560382,Cardiovascular,0.9342303085929226,False,0.2324370830847555
HEIGHT,Sig 2,-0.01326076965779066,0.0030865613371133804,-4.2962922843426865,1.736785546024855e-05,Cardiovascular,0.00022736101693416282,True,4.2962922843426865
HEIGHT,Sig 3,0.003537807147949934,0.002751078689470887,1.285970903518706,0.19845321648017356,Cardiovascular,0.4493280373136005,False,1.285970903518706
HEIGHT,Sig 4,0.004656090401113033,0.0012226359685882926,3.8082393457548553,0.000139959771319198,Cardiovascular,0.0014395862192831796,True,3.8082393457548553
HEIGHT,Sig 5,-0.01553209125995636,0.003873585257679224,-4.00974555269298,6.0784213000264486e-05,Cardiovascular,0.0006838223962529755,True,4.00974555269298
HEIGHT,Sig 6,0.005785245914012194,0.002151076216250658,2.6894657987042043,0.007156648014554845,Cardiovascular,0.04559988115468574,True,2.6894657987042043
HEIGHT,Sig 7,-0.0028987303376197815,0.002566189970821142,-1.1295852491747644,0.2586510294475053,Cardiovascular,0.5302315111247557,False,1.1295852491747644
HEIGHT,Sig 8,0.0006581083871424198,0.0011134841479361057,0.5910352548460202,0.5544967993759764,Cardiovascular,0.7539960996784841,False,0.5910352548460202
HEIGHT,Sig 9,0.003206986468285322,0.002157187554985285,1.4866516640493035,0.13710683504845367,Cardiovascular,0.34979594884050363,False,1.4866516640493035
HEIGHT,Sig 10,0.006361560430377722,0.002762416610494256,2.302896820925031,0.021284649077415452,Cardiovascular,0.1026667278474072,False,2.302896820925031
HEIGHT,Sig 11,-0.004294943995773792,0.0015391954220831394,-2.7903825168353453,0.0052645802495498994,Cardiovascular,0.03477520898785255,True,2.7903825168353453
HEIGHT,Sig 12,-5.90536292293109e-05,0.0010393549455329776,-0.05681757659701942,0.9546905124556455,Cardiovascular,0.9835452098683977,False,0.05681757659701942
HEIGHT,Sig 13,0.0027564966585487127,0.002386026782914996,1.1552664363562237,0.24798133598204553,Cardiovascular,0.5175262663973124,False,1.1552664363562237
HEIGHT,Sig 14,-0.00025022932095453143,0.0026033080648630857,-0.09611975022544694,0.9234254655216161,Cardiovascular,0.9794327053089008,False,0.09611975022544694
HEIGHT,Sig 15,-0.005708854645490646,0.0019937832839787006,-2.863327569934443,0.004192169179852545,Cardiovascular,0.02902270970667147,True,2.863327569934443
HEIGHT,Sig 16,0.011122683063149452,0.002718619303777814,4.091298493942601,4.289645795330088e-05,Cardiovascular,0.0005063188479733874,True,4.091298493942601
HEIGHT,Sig 17,0.0028266359586268663,0.0031133827287703753,0.9078986442965337,0.3639317739582344,Cardiovascular,0.6329248242751903,False,0.9078986442965337
HEIGHT,Sig 18,-0.0015756289940327406,0.0014845248078927398,-1.0613692581327232,0.2885221220792751,Cardiovascular,0.5707030986183463,False,1.0613692581327232
HEIGHT,Sig 19,0.0027270023711025715,0.0020381473004817963,1.3379810038547937,0.18090262926805378,Cardiovascular,0.41880994557234313,False,1.3379810038547937
HEIGHT,Sig 20,0.0,0.0,,,Cardiovascular,,False,
HDL,Sig 0,-0.0019479969050735235,0.002428994281217456,-0.8019767358600582,0.42256641564544895,Other,0.6701493816403595,False,0.8019767358600582
HDL,Sig 1,-0.004731842316687107,0.0024548815563321114,-1.927523673996333,0.0539144006239245,Other,0.18573382033122313,False,1.927523673996333
HDL,Sig 2,0.003387013915926218,0.002970044268295169,1.1403917281914433,0.2541231374967663,Other,0.527287201722397,False,1.1403917281914433
HDL,Sig 3,-0.00020562740974128246,0.0021617580205202103,-0.09512045649392332,0.9242191498135981,Other,0.9794327053089008,False,0.09512045649392332
HDL,Sig 4,-0.0004484337696339935,0.0009407697361893952,-0.47666687435161614,0.6335993547666261,Other,0.806004835804972,False,0.47666687435161614
HDL,Sig 5,-0.028029948472976685,0.0031073279678821564,-9.020595432055694,0.0,Other,0.0,True,9.020595432055694
HDL,Sig 6,-0.0004171601904090494,0.0016155255725607276,-0.2582194906068987,0.7962375165444933,Other,0.9276553590809631,False,0.2582194906068987
HDL,Sig 7,-0.008926608599722385,0.00254257395863533,-3.5108550409733383,0.0004466678964842874,Other,0.0043459579117390125,True,3.5108550409733383
HDL,Sig 8,-0.001096736523322761,0.0012287446297705173,-0.8925666869669979,0.3720892656315078,Other,0.6350816138377511,False,0.8925666869669979
HDL,Sig 9,-0.00016463562496937811,0.0022561538498848677,-0.07297180774164826,0.9418285518470046,Other,0.9827776193186135,False,0.07297180774164826
HDL,Sig 10,-0.0006033770041540265,0.0021918807178735733,-0.27527821164437516,0.7831025026477461,Other,0.9219479927645755,False,0.27527821164437516
HDL,Sig 11,-0.0029511000029742718,0.0014671816024929285,-2.0114074481032045,0.04428243728078818,Other,0.16400104889123934,False,2.0114074481032045
HDL,Sig 12,-0.000749454484321177,0.0009292596951127052,-0.806507038089368,0.4199505515172248,Other,0.6701493816403595,False,0.806507038089368
HDL,Sig 13,-0.0030186432413756847,0.0014919564127922058,-2.023278438628294,0.04304444857826817,Other,0.16400104889123934,False,2.023278438628294
HDL,Sig 14,-0.0047128768637776375,0.0019048311514779925,-2.474170406191033,0.013354598116510408,Other,0.0739639280299038,False,2.474170406191033
HDL,Sig 15,-0.011644176207482815,0.0020400099456310272,-5.707901685685642,1.1437745195408411e-08,Other,2.2875490390816822e-07,True,5.707901685685642
HDL,Sig 16,-0.007947784848511219,0.002718113362789154,-2.924007864173741,0.0034555601648036394,Other,0.024392189398613925,True,2.924007864173741
HDL,Sig 17,-0.00411498686298728,0.0029226411134004593,-1.4079685816092349,0.15914037350695387,Other,0.38841040313561626,False,1.4079685816092349
HDL,Sig 18,-0.005596715025603771,0.0013281498104333878,-4.213918476393496,2.5097790811390297e-05,Other,0.00031155878248622434,True,4.213918476393496
HDL,Sig 19,0.0008551368373446167,0.0017940454417839646,0.4766528302060648,0.6336093570355752,Other,0.806004835804972,False,0.4766528302060648
HDL,Sig 20,0.0,0.0,,,Other,,False,
HT,Sig 0,0.012520385906100273,0.0021975822746753693,5.697345692301694,1.2168703156234528e-08,Cardiovascular,2.3679638574294217e-07,True,5.697345692301694
HT,Sig 1,-0.0014663325855508447,0.0036747364792972803,-0.39903067711436313,0.6898706004443058,Cardiovascular,0.8549170952149745,False,0.39903067711436313
HT,Sig 2,0.00343009689822793,0.0036732431035488844,0.9338061221469279,0.3504039109294639,Cardiovascular,0.6230594680407577,False,0.9338061221469279
HT,Sig 3,0.003925438039004803,0.0028585772961378098,1.3732138866101036,0.16968586389595752,Cardiovascular,0.3992608562257824,False,1.3732138866101036
HT,Sig 4,0.002288638148456812,0.0010612081969156861,2.156634442806369,0.031034158660841582,Cardiovascular,0.13300353711789248,False,2.156634442806369
HT,Sig 5,0.047501035034656525,0.0038677153643220663,12.28141953589248,0.0,Cardiovascular,0.0,True,12.28141953589248
HT,Sig 6,-0.00011329059634590521,0.0019164877012372017,-0.059113656859248145,0.9528615810639525,Cardiovascular,0.9835452098683977,False,0.059113656859248145
HT,Sig 7,0.036821190267801285,0.0038520200178027153,9.558930145125512,0.0,Cardiovascular,0.0,True,9.558930145125512
HT,Sig 8,0.0011301215272396803,0.0022991106379777193,0.4915472568269819,0.6230394369988521,Cardiovascular,0.8008412084892396,False,0.4915472568269819
HT,Sig 9,0.0057607186026871204,0.0026571513153612614,2.168005476159307,0.03015826988660475,Cardiovascular,0.13002367855302646,False,2.168005476159307
HT,Sig 10,-0.005643897689878941,0.003222530707716942,-1.7513867831774546,0.07987930807080179,Cardiovascular,0.24473660345096718,False,1.7513867831774546
HT,Sig 11,0.0017166308825835586,0.0014309464022517204,1.199647226396662,0.2302763768728977,Cardiovascular,0.4949223622342876,False,1.199647226396662
HT,Sig 12,0.0014632027596235275,0.0008886182913556695,1.6466043675415192,0.09963939215315332,Cardiovascular,0.28110666096690995,False,1.6466043675415192
HT,Sig 13,0.002174070803448558,0.002440960146486759,0.8906621464417059,0.37311044812967875,Cardiovascular,0.6350816138377511,False,0.8906621464417059
HT,Sig 14,0.0018839228432625532,0.0021404665894806385,0.8801458768481255,0.37878028906085426,Cardiovascular,0.6401920378493311,False,0.8801458768481255
HT,Sig 15,0.005111961625516415,0.0025822785682976246,1.9796321312020537,0.047744879789674455,Cardiovascular,0.1701797695473545,False,1.9796321312020537
HT,Sig 16,0.002446522004902363,0.002871226752176881,0.8520824776543617,0.3941683165591394,Cardiovascular,0.653919787840047,False,0.8520824776543617
HT,Sig 17,0.003509610891342163,0.0035530338063836098,0.9877786372413822,0.32326107212429456,Cardiovascular,0.5983238352943242,False,0.9877786372413822
HT,Sig 18,0.0011786414543166757,0.0016918277833610773,0.6966675130344072,0.48601089421030785,Cardiovascular,0.7155988626409441,False,0.6966675130344072
HT,Sig 19,0.0007698912522755563,0.0028366369660943747,0.2714098636793772,0.7860758165489898,Cardiovascular,0.9219479927645755,False,0.2714098636793772
HT,Sig 20,0.0,0.0,,,Cardiovascular,,False,
IOP,Sig 0,-0.0018758075311779976,0.002251828322187066,-0.8330153381125156,0.40483607894050655,Other,0.6647339779664323,False,0.8330153381125156
IOP,Sig 1,-0.0005586766637861729,0.0029340151231735945,-0.1904136960214019,0.848984966136968,Other,0.9495308369860359,False,0.1904136960214019
IOP,Sig 2,0.0007865304360166192,0.003216852666810155,0.24450309587742053,0.8068412045600861,Other,0.9342303085929226,False,0.24450309587742053
IOP,Sig 3,-0.0001689776690909639,0.0020411207806319,-0.08278670752577953,0.9340211387010717,Other,0.9804794233622246,False,0.08278670752577953
IOP,Sig 4,0.0015896514523774385,0.0009598663309589028,1.6561175250197417,0.09769802098687141,Other,0.27803389371757875,False,1.6561175250197417
IOP,Sig 5,-0.0016451154369860888,0.003648612415418029,-0.4508879677200804,0.6520702959549669,Other,0.825115312983438,False,0.4508879677200804
IOP,Sig 6,0.00023207280901260674,0.0012990143150091171,0.1786530035359756,0.8582101731258889,Other,0.9495308369860359,False,0.1786530035359756
IOP,Sig 7,-0.005220041144639254,0.0029088309966027737,-1.7945494773452786,0.07272550886692053,Other,0.23169188665567603,False,1.7945494773452786
IOP,Sig 8,0.0031922340858727694,0.001381331472657621,2.3109833874493946,0.020833772511945847,Other,0.10161643309705629,False,2.3109833874493946
IOP,Sig 9,0.0020481226965785027,0.0018136322032660246,1.1292933004223253,0.2587741261680341,Other,0.5302315111247557,False,1.1292933004223253
IOP,Sig 10,0.0061632199212908745,0.002744105877354741,2.2459847384722944,0.02470498546471167,Other,0.11402300983713079,False,2.2459847384722944
IOP,Sig 11,0.0018608305836096406,0.001358136534690857,1.3701351344864663,0.1706447220496119,Other,0.4002091201163536,False,1.3701351344864663
IOP,Sig 12,0.0007139715598896146,0.0009153644787147641,0.779986089139138,0.43539906328852895,Other,0.6770784569497642,False,0.779986089139138
IOP,Sig 13,0.0009616655297577381,0.0015635802410542965,0.6150407280084985,0.5385278238320572,Other,0.7499807217777199,False,0.6150407280084985
IOP,Sig 14,-0.0029210245702415705,0.0018743257969617844,-1.5584401468391715,0.11912894595398282,Other,0.31627007919839906,False,1.5584401468391715
IOP,Sig 15,0.0012953978730365634,0.001803423510864377,0.718299315292658,0.47257275226967277,Other,0.7030007885003396,False,0.718299315292658
IOP,Sig 16,0.001968621276319027,0.0024971021339297295,0.7883623379156608,0.430484793879943,Other,0.6755332274014262,False,0.7883623379156608
IOP,Sig 17,-0.0002593519166111946,0.0026818623300641775,-0.09670590235144108,0.9229599524052807,Other,0.9794327053089008,False,0.09670590235144108
IOP,Sig 18,-0.0007648010505363345,0.0015194755978882313,-0.5033322361999467,0.6147307056816143,Other,0.7974884830464185,False,0.5033322361999467
IOP,Sig 19,0.0010099823120981455,0.001843892503529787,0.5477446815173462,0.5838672272942762,Other,0.7729671345664086,False,0.5477446815173462
IOP,Sig 20,0.0,0.0,,,Other,,False,
ISS,Sig 0,0.0018257629126310349,0.002747533144429326,0.6645098772812996,0.5063640292938003,Other,0.7257163818404114,False,0.6645098772812996
ISS,Sig 1,0.009678935632109642,0.0037799717392772436,2.560584125943841,0.010449636050627875,Other,0.06067530610041992,False,2.560584125943841
ISS,Sig 2,0.01014991756528616,0.004153213929384947,2.4438706355752955,0.014530635769204325,Other,0.07749672410242307,False,2.4438706355752955
ISS,Sig 3,-0.0017088294262066483,0.002854282269254327,-0.5986897107597824,0.5493798198231632,Other,0.7539960996784841,False,0.5986897107597824
ISS,Sig 4,0.0009435530519112945,0.0013534149620682001,0.6971646378649594,0.48569976639899015,Other,0.7155988626409441,False,0.6971646378649594
ISS,Sig 5,0.01403103582561016,0.004215027205646038,3.328812636562715,0.0008721705630820864,Other,0.007752627227396324,True,3.328812636562715
ISS,Sig 6,0.00419506523758173,0.0024961757007986307,1.6805969372426603,0.09284123113281906,Other,0.26730702442073945,False,1.6805969372426603
ISS,Sig 7,0.0316493958234787,0.004163810983300209,7.601064493660949,2.930988785010413e-14,Other,7.536828304312491e-13,True,7.601064493660949
ISS,Sig 8,-0.000985130900517106,0.0031571825966238976,-0.3120284843741842,0.7550188758793097,Other,0.8985348605505834,False,0.3120284843741842
ISS,Sig 9,0.005945972166955471,0.0029501779936254025,2.0154621788255596,0.043856245078593536,Other,0.16400104889123934,False,2.0154621788255596
ISS,Sig 10,0.0035051475279033184,0.0036320157814770937,0.9650694652207211,0.33451001973545536,Other,0.6090843001265078,False,0.9650694652207211
ISS,Sig 11,0.016543222591280937,0.0019424267811700702,8.51678053023739,0.0,Other,0.0,True,8.51678053023739
ISS,Sig 12,0.002228113589808345,0.0010453318245708942,2.1314892911855803,0.03304885374239119,Other,0.13675387755472218,False,2.1314892911855803
ISS,Sig 13,0.0027063540183007717,0.0026005629915744066,1.0406800477700862,0.2980240662662168,Other,0.5777950008542487,False,1.0406800477700862
ISS,Sig 14,0.01383206993341446,0.0026946202851831913,5.133216731675461,2.848315903136722e-07,Other,4.660880568769182e-06,True,5.133216731675461
ISS,Sig 15,0.011922629550099373,0.003296771552413702,3.616456087583723,0.0002986639558586468,Other,0.002986639558586468,True,3.616456087583723
ISS,Sig 16,0.011286686174571514,0.0038594515062868595,2.924427514165173,0.0034509044047881243,Other,0.024392189398613925,True,2.924427514165173
ISS,Sig 17,0.006230074446648359,0.004625936038792133,1.3467705550626416,0.17805414073157966,Other,0.4148834347143604,False,1.3467705550626416
ISS,Sig 18,0.005199708975851536,0.0016078323824331164,3.2339869706958315,0.0012207502464409714,Other,0.010220234621366273,True,3.2339869706958315
ISS,Sig 19,-0.00015077696298249066,0.0026295289862900972,-0.05733991287740705,0.9542744267591483,Other,0.9835452098683977,False,0.05733991287740705
ISS,Sig 20,0.0,0.0,,,Other,,False,
LDL_SF,Sig 0,0.004532025661319494,0.0015750423772260547,2.8773991905546326,0.004009680027948326,Cardiovascular,0.028028831263328103,True,2.8773991905546326
LDL_SF,Sig 1,-0.0004078541824128479,0.0023502560798078775,-0.17353606099220817,0.8622300852766065,Cardiovascular,0.9495308369860359,False,0.17353606099220817
LDL_SF,Sig 2,0.005205290392041206,0.002464108634740114,2.1124435500345546,0.034648422964172365,Cardiovascular,0.14094273748137912,False,2.1124435500345546
LDL_SF,Sig 3,0.00023073083139024675,0.0021671615540981293,0.10646683490390087,0.9152119677301733,Cardiovascular,0.979057507719485,False,0.10646683490390087
LDL_SF,Sig 4,0.0015443292213603854,0.0009555025026202202,1.6162482224017825,0.10604065655662542,Cardiovascular,0.29030141718924074,False,1.6162482224017825
LDL_SF,Sig 5,0.0713081881403923,0.003147118492051959,22.658247002926956,0.0,Cardiovascular,0.0,True,22.658247002926956
LDL_SF,Sig 6,0.0011551602510735393,0.0017426472622901201,0.6628766911529026,0.5074095311176183,Cardiovascular,0.7257163818404114,False,0.6628766911529026
LDL_SF,Sig 7,0.002857557963579893,0.002926420886069536,0.9764685514590717,0.3288323249692924,Cardiovascular,0.6009118628880469,False,0.9764685514590717
LDL_SF,Sig 8,-0.0036238289903849363,0.0018019451526924968,-2.0110650898392497,0.044318581995791195,Cardiovascular,0.16400104889123934,False,2.0110650898392497
LDL_SF,Sig 9,-0.0007014376460574567,0.0021902902517467737,-0.3202487184052683,0.7487797943221668,Cardiovascular,0.8952946825594623,False,0.3202487184052683
LDL_SF,Sig 10,-0.005451207980513573,0.0027359495870769024,-1.9924372898762588,0.04632309931912615,Cardiovascular,0.16680522476273765,False,1.9924372898762588
LDL_SF,Sig 11,0.002383618848398328,0.0014427105197682977,1.652180957813451,0.09849766709667129,Cardiovascular,0.2792059854708792,False,1.652180957813451
LDL_SF,Sig 12,0.0008822111412882805,0.0009350335458293557,0.943507476521366,0.34542139291067353,Cardiovascular,0.6217585072392123,False,0.943507476521366
LDL_SF,Sig 13,-0.00033480944694019854,0.0018021672731265426,-0.18578155975463065,0.8526160659622128,Cardiovascular,0.9495308369860359,False,0.18578155975463065
LDL_SF,Sig 14,0.0018277788767591119,0.0019299997948110104,0.9470357881245743,0.3436205428311081,Cardiovascular,0.6200671449583905,False,0.9470357881245743
LDL_SF,Sig 15,-1.782015897333622e-05,0.0017726842779666185,-0.010052641180852055,0.9919792878963731,Cardiovascular,0.9962309482972591,False,0.010052641180852055
LDL_SF,Sig 16,0.0017521027475595474,0.0025371380615979433,0.6905823431839716,0.48982804667038926,Cardiovascular,0.7160433147293742,False,0.6905823431839716
LDL_SF,Sig 17,0.00522246677428484,0.0032432128209620714,1.6102756934512978,0.10733768314414016,Cardiovascular,0.292739135847655,False,1.6102756934512978
LDL_SF,Sig 18,-0.004505019169300795,0.0013477806933224201,-3.342546151329303,0.0008301354969919572,Cardiovascular,0.007565791871319104,True,3.342546151329303
LDL_SF,Sig 19,0.003599410178139806,0.001979281660169363,1.8185436921755804,0.06898107507016338,Cardiovascular,0.22172488415409658,False,1.8185436921755804
LDL_SF,Sig 20,0.0,0.0,,,Cardiovascular,,False,
MEL,Sig 0,-0.0025037252344191074,0.002145087346434593,-1.1671903424262027,0.2431335101430372,Cancer,0.5103677180845095,False,1.1671903424262027
MEL,Sig 1,-0.0003657759807538241,0.0019777691923081875,-0.18494371445180585,0.8532731831996154,Cancer,0.9495308369860359,False,0.18494371445180585
MEL,Sig 2,0.002663540421053767,0.002928223693743348,0.9096096130718695,0.36302842708196703,Cancer,0.6328824878910806,False,0.9096096130718695
MEL,Sig 3,0.0017859939252957702,0.002176250098273158,0.8206749429732116,0.4118314470817963,Cancer,0.6675709543707252,False,0.8206749429732116
MEL,Sig 4,-0.000750823353882879,0.0010071097640320659,-0.7455228622517587,0.45595569549518267,Cancer,0.6853613794499614,False,0.7455228622517587
MEL,Sig 5,0.00016742416482884437,0.003709719981998205,0.04513121357980851,0.9640027219236085,Cancer,0.9845134181347491,False,0.04513121357980851
MEL,Sig 6,0.0057947370223701,0.0016891764244064689,3.430510240756062,0.0006024472320387275,Cancer,0.005783493427571784,True,3.430510240756062
MEL,Sig 7,-0.003539331955835223,0.002484953496605158,-1.4243051069851063,0.15435816979263928,Cancer,0.3793101783300351,False,1.4243051069851063
MEL,Sig 8,0.0017273109406232834,0.0016656724037602544,1.0370051978551604,0.29973343473668557,Cancer,0.5785739222799292,False,1.0370051978551604
MEL,Sig 9,-0.002930424641817808,0.0019062147475779057,-1.537300372658062,0.12421977027479358,Cancer,0.32288171334964394,False,1.537300372658062
MEL,Sig 10,-0.004941980354487896,0.0028384479228407145,-1.7410854413499224,0.08166860289623301,Cancer,0.24603093759534633,False,1.7410854413499224
MEL,Sig 11,-0.001567517057992518,0.001535083749331534,-1.0211280385679982,0.3071937805440623,Cancer,0.5882434095524597,False,1.0211280385679982
MEL,Sig 12,0.0006694595795124769,0.0007434192229993641,0.900514217014065,0.3678466628926569,Cancer,0.6333818583912039,False,0.900514217014065
MEL,Sig 13,-0.0005999704007990658,0.0015657105250284076,-0.3831936946251161,0.7015761528451661,Cancer,0.8649569007680129,False,0.3831936946251161
MEL,Sig 14,-0.0012569729005917907,0.0020561902783811092,-0.6113115667395517,0.5409933349582334,Cancer,0.7504528857037185,False,0.6113115667395517
MEL,Sig 15,-0.004472557920962572,0.0016418177401646972,-2.724150075582636,0.006446720494219349,Cancer,0.04144320317712438,True,2.724150075582636
MEL,Sig 16,-0.00046166186803020537,0.0024936734698712826,-0.18513324763969008,0.8531245244855157,Cancer,0.9495308369860359,False,0.18513324763969008
MEL,Sig 17,-0.003890997963026166,0.0024756034836173058,-1.5717371496588428,0.11601152280955818,Cancer,0.3128400615089209,False,1.5717371496588428
MEL,Sig 18,-8.982345752883703e-05,0.001507811713963747,-0.05957206506421709,0.9524964676912693,Cancer,0.9835452098683977,False,0.05957206506421709
MEL,Sig 19,0.016465172171592712,0.0017805059906095266,9.247467999788158,0.0,Cancer,0.0,True,9.247467999788158
MEL,Sig 20,0.0,0.0,,,Cancer,,False,
MS,Sig 0,0.0028582275845110416,0.0022057481110095978,1.2958086964892814,0.1950414011959829,Neurological,0.4443981293073028,False,1.2958086964892814
MS,Sig 1,-0.0021842566784471273,0.002382112666964531,-0.916940961163887,0.35917357816793505,Neurological,0.6306730391693587,False,0.916940961163887
MS,Sig 2,0.007086022756993771,0.0029347760137170553,2.4145020689394734,0.015756733484024288,Neurological,0.08161761229134883,False,2.4145020689394734
MS,Sig 3,0.005885442718863487,0.003069722093641758,1.9172558750689075,0.055205432685474065,Neurological,0.18927576920733963,False,1.9172558750689075
MS,Sig 4,0.0032368614338338375,0.0011535906232893467,2.805901303708811,0.005017605839361172,Neurological,0.03345070559574115,True,2.805901303708811
MS,Sig 5,0.004126742482185364,0.004102055449038744,1.0060182104930846,0.3144068102066342,Neurological,0.5910519669680852,False,1.0060182104930846
MS,Sig 6,0.00026195868849754333,0.0018418243853375316,0.142227831590761,0.8869000488217078,Neurological,0.9631493742860175,False,0.142227831590761
MS,Sig 7,0.0005926649319007993,0.00217184005305171,0.27288608618670146,0.784940782365394,Neurological,0.9219479927645755,False,0.27288608618670146
MS,Sig 8,-0.0015192128485068679,0.0016807008069008589,-0.9039162962670507,0.36603978729836406,Neurological,0.6333818583912039,False,0.9039162962670507
MS,Sig 9,0.004347733687609434,0.0021697762422263622,2.0037705284985123,0.04509464721492629,Neurological,0.16478122206603837,False,2.0037705284985123
MS,Sig 10,-0.007456421852111816,0.0029697297140955925,-2.510808245181535,0.012045510804675308,Neurological,0.06883149031243034,False,2.510808245181535
MS,Sig 11,-3.9552192902192473e-05,0.0013887358363717794,-0.02848071740232959,0.9772787470744477,Neurological,0.9924410407526126,False,0.02848071740232959
MS,Sig 12,0.0009863902814686298,0.0008251224644482136,1.1954471293279614,0.23191238136091186,Neurological,0.4954804586939363,False,1.1954471293279614
MS,Sig 13,-0.0009556015720590949,0.0018167420057579875,-0.5259974003080286,0.5988900132445405,Neurological,0.7840014718837621,False,0.5259974003080286
MS,Sig 14,0.01067124493420124,0.0018678517080843449,5.713111425288463,1.10928992658188e-08,Neurological,2.281967848968439e-07,True,5.713111425288463
MS,Sig 15,0.007656320929527283,0.002258326392620802,3.390263229684029,0.0006982554207657365,Neurological,0.006445434653222184,True,3.390263229684029
MS,Sig 16,0.011321975849568844,0.0026095700450241566,4.33863650111911,1.4336942634640693e-05,Neurological,0.00019115923512854258,True,4.33863650111911
MS,Sig 17,-0.0030342722311615944,0.0025843007024377584,-1.1741173263232796,0.24034803439939578,Neurological,0.5059958618934648,False,1.1741173263232796
MS,Sig 18,-0.001084166462533176,0.0016245665028691292,-0.6673573907983708,0.5045438758265777,Neurological,0.7257163818404114,False,0.6673573907983708
MS,Sig 19,-0.001912787207402289,0.001889170496724546,-1.0125011007310827,0.3112985206627066,Neurological,0.5910519669680852,False,1.0125011007310827
MS,Sig 20,0.0,0.0,,,Neurological,,False,
OP,Sig 0,-0.00028104340890422463,0.0027253576554358006,-0.10312166124092956,0.9178664134870171,Other,0.979057507719485,False,0.10312166124092956
OP,Sig 1,-0.0073890648782253265,0.003708754200488329,-1.9923307069668876,0.04633478465631602,Other,0.16680522476273765,False,1.9923307069668876
OP,Sig 2,8.752439316594973e-05,0.0037543983198702335,0.023312495294578895,0.9814010046194805,Other,0.9938238021463094,False,0.023312495294578895
OP,Sig 3,-0.0020995852537453175,0.0031176451593637466,-0.6734522841508377,0.5006595954423727,Other,0.7257163818404114,False,0.6734522841508377
OP,Sig 4,0.0012864836025983095,0.0013981544179841876,0.9201298412038912,0.3575049118255045,Other,0.6293485000351179,False,0.9201298412038912
OP,Sig 5,0.0038871443830430508,0.004540870897471905,0.8560349921437292,0.3919784244752229,Other,0.6517886042082229,False,0.8560349921437292
OP,Sig 6,-0.0015667726984247565,0.0020002909004688263,-0.783272422054981,0.43346715424924853,Other,0.6755332274014262,False,0.783272422054981
OP,Sig 7,0.009246405214071274,0.0034805911127477884,2.656561749010387,0.007894199228717147,Other,0.048998477971347806,True,2.656561749010387
OP,Sig 8,0.0019423381891101599,0.0019640345126390457,0.9889531862147714,0.3226860465259045,Other,0.5983238352943242,False,0.9889531862147714
OP,Sig 9,-0.002291916636750102,0.002332331845536828,-0.9826717587962173,0.3257690144235892,Other,0.5983512509821026,False,0.9826717587962173
OP,Sig 10,-0.00024647178361192346,0.0032510198652744293,-0.07581368119112307,0.9395673314358031,Other,0.9818410430098377,False,0.07581368119112307
OP,Sig 11,0.002844893839210272,0.0015675114700570703,1.814911018869096,0.0695375849223534,Other,0.22252027175153088,False,1.814911018869096
OP,Sig 12,0.0015568226808682084,0.001073185121640563,1.450656228338607,0.1468756096903412,Other,0.36465668612774366,False,1.450656228338607
OP,Sig 13,0.0016101838555186987,0.0020923230331391096,0.7695675237599148,0.44155647576581103,Other,0.6822331814407381,False,0.7695675237599148
OP,Sig 14,0.00275986036285758,0.0026741730980575085,1.032042527412423,0.30205219552457097,Other,0.5814908576943612,False,1.032042527412423
OP,Sig 15,-0.00304032233543694,0.0021834070794284344,-1.3924670136330357,0.16378102378889237,Other,0.3912745713375231,False,1.3924670136330357
OP,Sig 16,0.008211517706513405,0.0036094665993005037,2.274994789563853,0.022906242399878263,Other,0.10779408188178007,False,2.274994789563853
OP,Sig 17,0.004294273443520069,0.0035876696929335594,1.1969534018079393,0.23132471788039943,Other,0.4954804586939363,False,1.1969534018079393
OP,Sig 18,-0.002245925832539797,0.001522917184047401,-1.4747524396375136,0.14027911203340837,Other,0.35438933566334746,False,1.4747524396375136
OP,Sig 19,-0.001832498935982585,0.0025009089149534702,-0.7327331775362474,0.4637211843024298,Other,0.6926955450160778,False,0.7327331775362474
OP,Sig 20,0.0,0.0,,,Other,,False,
PD,Sig 0,-0.003745545167475939,0.002149193314835429,-1.7427679220948757,0.08137416172583034,Neurological,0.24603093759534633,False,1.7427679220948757
PD,Sig 1,-0.004214596003293991,0.002840100321918726,-1.4839602568851082,0.1378194644832229,Neurological,0.34979594884050363,False,1.4839602568851082
PD,Sig 2,0.004728534258902073,0.0031115261372178793,1.5196832841423646,0.12859059476607992,Neurological,0.3318466961705288,False,1.5196832841423646
PD,Sig 3,0.00044803001219406724,0.0022364906035363674,0.2003272499717354,0.841224652080629,Neurological,0.9484594734277862,False,0.2003272499717354
PD,Sig 4,-0.00094270845875144,0.000905282620806247,-1.0413416065712844,0.29771703310828634,Neurological,0.5777950008542487,False,1.0413416065712844
PD,Sig 5,-0.006990078836679459,0.003143157111480832,-2.223903733970915,0.02615492179905754,Neurological,0.11918698541342676,False,2.223903733970915
PD,Sig 6,-0.0011422944953665137,0.0015297747449949384,-0.7467076437912389,0.45524005472907936,Neurological,0.6853613794499614,False,0.7467076437912389
PD,Sig 7,-0.0005809069843962789,0.002724164631217718,-0.21324224598592262,0.8311380184284993,Neurological,0.9426977238885366,False,0.21324224598592262
PD,Sig 8,-0.002915101358667016,0.0015336633659899235,-1.9007439463649345,0.05733555931414358,Neurological,0.1947245410669027,False,1.9007439463649345
PD,Sig 9,0.000256509316386655,0.0013480017660185695,0.19028856107828082,0.8490830168250849,Neurological,0.9495308369860359,False,0.19028856107828082
PD,Sig 10,-0.0029593673534691334,0.0026230260264128447,-1.1282264543582348,0.25922429432765837,Neurological,0.5302315111247557,False,1.1282264543582348
PD,Sig 11,-0.00035284453770145774,0.0008717753808014095,-0.40474248926035655,0.6856668065254434,Neurological,0.852642660964282,False,0.40474248926035655
PD,Sig 12,-7.380452007055283e-05,0.0009222664521075785,-0.0800251596508726,0.9362172456308975,Neurological,0.9804794233622246,False,0.0800251596508726
PD,Sig 13,-0.0011619225842878222,0.0016792250098660588,-0.6919397802326095,0.48897514748069004,Neurological,0.7160433147293742,False,0.6919397802326095
PD,Sig 14,-0.0028073012363165617,0.001831002882681787,-1.5332041597907453,0.12522555966042215,Neurological,0.32432519048742425,False,1.5332041597907453
PD,Sig 15,-0.004323467146605253,0.0021433697547763586,-2.017135464830877,0.043681378517423264,Neurological,0.16400104889123934,False,2.017135464830877
PD,Sig 16,6.986092921579257e-05,0.0027429882902652025,0.025468912668613012,0.9796809445367762,Neurological,0.993479267699266,False,0.025468912668613012
PD,Sig 17,0.0007230294868350029,0.002665776526555419,0.2712265936894811,0.7862167604964574,Neurological,0.9219479927645755,False,0.2712265936894811
PD,Sig 18,-0.0006865296163596213,0.0012551906984299421,-0.5469524409465177,0.5844114064385839,Neurological,0.7729671345664086,False,0.5469524409465177
PD,Sig 19,0.0004542251699604094,0.0016159552615135908,0.2810877137371722,0.7786431244515033,Neurological,0.9205632998441419,False,0.2810877137371722
PD,Sig 20,0.0,0.0,,,Neurological,,False,
POAG,Sig 0,-0.0003123111673630774,0.002275839215144515,-0.13722901217485425,0.8908497794384858,Other,0.9645344734379887,False,0.13722901217485425
POAG,Sig 1,-0.0001557375508127734,0.002405972685664892,-0.06472955895994939,0.9483893275210149,Other,0.9835452098683977,False,0.06472955895994939
POAG,Sig 2,-0.002749187871813774,0.0025165581610053778,-1.0924396321980732,0.27463991100790963,Other,0.5538956188394816,False,1.0924396321980732
POAG,Sig 3,0.001535899704322219,0.002376024844124913,0.6464156753747617,0.5180101913826143,Other,0.7298773733766776,False,0.6464156753747617
POAG,Sig 4,0.0023865634575486183,0.0009607307729311287,2.4841126409091325,0.012987471941302564,Other,0.07305452966982692,False,2.4841126409091325
POAG,Sig 5,-0.0064437189139425755,0.0036246904637664557,-1.777729430514416,0.07544830360616195,Other,0.23721737378356597,False,1.777729430514416
POAG,Sig 6,-0.002388726221397519,0.0017047844594344497,-1.4011895804059373,0.16115738929954304,Other,0.3894455234188553,False,1.4011895804059373
POAG,Sig 7,-0.001051934901624918,0.0030734145548194647,-0.34226912213172284,0.7321483707870682,Other,0.8872481987489468,False,0.34226912213172284
POAG,Sig 8,-0.0018149331444874406,0.0014885170385241508,-1.2192894656328073,0.2227343455074664,Other,0.4859658447435631,False,1.2192894656328073
POAG,Sig 9,0.003793485928326845,0.0018842238932847977,2.013288304986729,0.04408430798039786,Other,0.16400104889123934,False,2.013288304986729
POAG,Sig 10,0.029879793524742126,0.0025651364121586084,11.648422821926161,0.0,Other,0.0,True,11.648422821926161
POAG,Sig 11,-0.0014866847777739167,0.0010495472233742476,-1.416501082242199,0.15662884752441086,Other,0.38358085108018986,False,1.416501082242199
POAG,Sig 12,0.00024299877986777574,0.0006962869083508849,0.3489923147389116,0.7270950792308817,Other,0.8858011117533584,False,0.3489923147389116
POAG,Sig 13,-0.0009624914964661002,0.0017864315304905176,-0.5387788336907711,0.5900394702081595,Other,0.7780740266481224,False,0.5387788336907711
POAG,Sig 14,-0.0024962909519672394,0.002192671876400709,-1.1384699091707802,0.2549243168399338,Other,0.5274296210481388,False,1.1384699091707802
POAG,Sig 15,0.0013532532611861825,0.0015628100372850895,0.865910269898862,0.38653937075168776,Other,0.6457270230654645,False,0.865910269898862
POAG,Sig 16,-0.0006069540395401418,0.0031829820945858955,-0.19068723024629713,0.8487706439015181,Other,0.9495308369860359,False,0.19068723024629713
POAG,Sig 17,0.0009719411027617753,0.0028514720033854246,0.34085591638558377,0.7332120531328101,Other,0.8872481987489468,False,0.34085591638558377
POAG,Sig 18,-0.001351583399809897,0.0014176281401887536,-0.9534118020752163,0.34038146398698954,Other,0.6158652844191491,False,0.9534118020752163
POAG,Sig 19,0.0015281623927876353,0.002021447289735079,0.7559743954480797,0.4496645473167087,Other,0.683852494870834,False,0.7559743954480797
POAG,Sig 20,0.0,0.0,,,Other,,False,
PC,Sig 0,0.001352633349597454,0.0017177456757053733,0.7874468081789874,0.43102035481315815,Cancer,0.6755332274014262,False,0.7874468081789874
PC,Sig 1,-0.005994823295623064,0.002481939271092415,-2.4153787183457025,0.01571885635791115,Cancer,0.08161761229134883,False,2.4153787183457025
PC,Sig 2,-0.002010089810937643,0.002683105878531933,-0.7491652964651055,0.453757583045002,Cancer,0.6853613794499614,False,0.7491652964651055
PC,Sig 3,-6.757746632501949e-06,0.0020254042465239763,-0.003336492773775742,0.9973378688677972,Cancer,0.9973378688677972,False,0.003336492773775742
PC,Sig 4,-0.0017303951317444444,0.000882154970895499,-1.9615545894253412,0.04981436356500124,Cancer,0.176681486535965,False,1.9615545894253412
PC,Sig 5,-0.0062622264958918095,0.0027381915133446455,-2.286993610699869,0.022196196032237436,Cancer,0.10513987594217733,False,2.286993610699869
PC,Sig 6,0.011763786897063255,0.0018787981243804097,6.261336300270536,3.8169245542007957e-10,Cancer,8.276193847891858e-09,True,6.261336300270536
PC,Sig 7,0.002950133290141821,0.002409411361441016,1.2244207599226273,0.2207935418273257,Cancer,0.4831955930567614,False,1.2244207599226273
PC,Sig 8,0.0013389693340286613,0.001507739769294858,0.8880639492946932,0.374506353300216,Cancer,0.6359541848494233,False,0.8880639492946932
PC,Sig 9,-0.0012190282577648759,0.0018355059437453747,-0.6641374613461791,0.5066023356388696,Cancer,0.7257163818404114,False,0.6641374613461791
PC,Sig 10,-0.0007244617445394397,0.002217400586232543,-0.32671667403603005,0.7438821877008452,Cancer,0.8941488733632864,False,0.32671667403603005
PC,Sig 11,-0.002729081315919757,0.0013517781626433134,-2.0188825292037693,0.04349943049791283,Cancer,0.16400104889123934,False,2.0188825292037693
PC,Sig 12,0.000854175363201648,0.0008358999621123075,1.0218631438182613,0.30684567848375655,Cancer,0.5882434095524597,False,1.0218631438182613
PC,Sig 13,0.031442053616046906,0.0017502043629065156,17.964789873927614,0.0,Cancer,0.0,True,17.964789873927614
PC,Sig 14,-0.006572972983121872,0.0019355033291503787,-3.3960018999332786,0.0006837788494562513,Cancer,0.006393776254655857,True,3.3960018999332786
PC,Sig 15,-0.0036820191890001297,0.002071002032607794,-1.7778926003098858,0.0754214957765349,Cancer,0.23721737378356597,False,1.7778926003098858
PC,Sig 16,0.004271223209798336,0.0022048414684832096,1.9372019579877846,0.052720661020615456,Cancer,0.18337621224561898,False,1.9372019579877846
PC,Sig 17,0.0014010157901793718,0.0033411867916584015,0.4193168109239341,0.6749846122040313,Cancer,0.8437307652550391,False,0.4193168109239341
PC,Sig 18,-0.0015767443692311645,0.0010548977879807353,-1.494689236432411,0.1349955646802874,Cancer,0.3471314520350247,False,1.494689236432411
PC,Sig 19,-0.0033108177594840527,0.0018471056828275323,-1.7924354790657584,0.07306323583354613,Cancer,0.23174242202710665,False,1.7924354790657584
PC,Sig 20,0.0,0.0,,,Cancer,,False,
PSO,Sig 0,-0.0026946619618684053,0.0020455368794500828,-1.3173372667780165,0.18772559874280148,Autoimmune,0.4290870828406891,False,1.3173372667780165
PSO,Sig 1,0.0032623473089188337,0.003138090018182993,1.0395964711069021,0.29852741710802855,Autoimmune,0.5777950008542487,False,1.0395964711069021
PSO,Sig 2,0.008143050596117973,0.002599745988845825,3.13224854699483,0.0017347295214611425,Autoimmune,0.014033766915191264,True,3.13224854699483
PSO,Sig 3,0.0019672363996505737,0.00233149784617126,0.8437650512442595,0.3988007085501373,Autoimmune,0.6570629523022857,False,0.8437650512442595
PSO,Sig 4,-0.0009044372709468007,0.0010059229098260403,-0.8991119121675138,0.36859305370265893,Autoimmune,0.6333818583912039,False,0.8991119121675138
PSO,Sig 5,-0.002052376512438059,0.003087051911279559,-0.6648338192626521,0.5061567890451364,Autoimmune,0.7257163818404114,False,0.6648338192626521
PSO,Sig 6,0.0023952394258230925,0.001930137281306088,1.240968426972344,0.21461741268693135,Autoimmune,0.4754601142602787,False,1.240968426972344
PSO,Sig 7,0.005036966409534216,0.002733957953751087,1.8423715707197763,0.06542081731755456,Autoimmune,0.211224163536499,False,1.8423715707197763
PSO,Sig 8,0.0013459543697535992,0.0014960452681407332,0.8996748951496198,0.36829328721470556,Autoimmune,0.6333818583912039,False,0.8996748951496198
PSO,Sig 9,0.0034132886212319136,0.002206311095505953,1.5470568172296553,0.12184954559332706,Autoimmune,0.31786837980867927,False,1.5470568172296553
PSO,Sig 10,-0.007527664303779602,0.0018978961743414402,-3.9663203949455568,7.29907308856248e-05,Autoimmune,0.0007878028747396305,True,3.9663203949455568
PSO,Sig 11,-0.00024038537230808288,0.0014059862587600946,-0.17097277502560582,0.8642451727499774,Autoimmune,0.9495308369860359,False,0.17097277502560582
PSO,Sig 12,0.0021907754708081484,0.0009047386120073497,2.4214457543129058,0.015458908083233025,Autoimmune,0.0812438964958232,False,2.4214457543129058
PSO,Sig 13,-0.0005092334467917681,0.0021974171977490187,-0.23174181366807112,0.8167385526787061,Autoimmune,0.9342303085929226,False,0.23174181366807112
PSO,Sig 14,0.00416137557476759,0.0017182769952341914,2.4218304652332368,0.015442553056329356,Autoimmune,0.0812438964958232,False,2.4218304652332368
PSO,Sig 15,0.002174891997128725,0.0015542900655418634,1.3992832131822863,0.16172807153088575,Autoimmune,0.3894455234188553,False,1.3992832131822863
PSO,Sig 16,0.0011632859241217375,0.003175231860950589,0.3663625130586455,0.7140945883699452,Autoimmune,0.8744015367795248,False,0.3663625130586455
PSO,Sig 17,0.003949419595301151,0.003342340001836419,1.181633105288863,0.23735131181470748,Autoimmune,0.5026263073723217,False,1.181633105288863
PSO,Sig 18,0.0022569899447262287,0.0013769982615485787,1.6390652099938072,0.10119967956701648,Autoimmune,0.281327294549235,False,1.6390652099938072
PSO,Sig 19,-0.0021483851596713066,0.0019308003829792142,-1.1126914924039741,0.2658409506431012,Autoimmune,0.542225168450518,False,1.1126914924039741
PSO,Sig 20,0.0,0.0,,,Autoimmune,,False,
RA,Sig 0,0.0035647153854370117,0.002543265465646982,1.4016292965037302,0.16102597384226924,Autoimmune,0.3894455234188553,False,1.4016292965037302
RA,Sig 1,0.0134649146348238,0.0028598387725651264,4.708277530885586,2.4981881732166755e-06,Autoimmune,3.67080711166532e-05,True,4.708277530885586
RA,Sig 2,0.00662598991766572,0.0034022838808596134,1.947512362193484,0.05147333913357666,Autoimmune,0.18078441061548875,False,1.947512362193484
RA,Sig 3,0.00723420362919569,0.0025363180320709944,2.852246263174143,0.004341145471693064,Autoimmune,0.02948702584546232,True,2.852246263174143
RA,Sig 4,0.006308486219495535,0.0012124835047870874,5.202946015008515,1.9615386448457173e-07,Autoimmune,3.3626376768783724e-06,True,5.202946015008515
RA,Sig 5,0.0034480963367968798,0.0036930323112756014,0.9336761896908183,0.3504709507729262,Autoimmune,0.6230594680407577,False,0.9336761896908183
RA,Sig 6,-0.002398780081421137,0.0022007457446306944,-1.0899851049461757,0.2757197054113836,Autoimmune,0.5545200779223357,False,1.0899851049461757
RA,Sig 7,0.012273802421987057,0.003095316933467984,3.9652813220116765,7.330943417716007e-05,Autoimmune,0.0007878028747396305,True,3.9652813220116765
RA,Sig 8,-0.0017895258497446775,0.0017974391812458634,-0.9955974413021859,0.31944577848660094,Autoimmune,0.5974050922346823,False,0.9955974413021859
RA,Sig 9,0.0011019009398296475,0.0022269301116466522,0.49480714911833146,0.620736257426874,Autoimmune,0.8008412084892396,False,0.49480714911833146
RA,Sig 10,0.0010873122373595834,0.0029549046885222197,0.36796863248518524,0.7128966234094469,Autoimmune,0.8744015367795248,False,0.36796863248518524
RA,Sig 11,-0.001380413887090981,0.001384889823384583,-0.996768019940631,0.3188771245241173,Autoimmune,0.5974050922346823,False,0.996768019940631
RA,Sig 12,-0.0011103448923677206,0.0011028989683836699,-1.0067512294394136,0.3140543368291415,Autoimmune,0.5910519669680852,False,1.0067512294394136
RA,Sig 13,-0.002277142135426402,0.002144862897694111,-1.0616725842358041,0.2883843495771712,Autoimmune,0.5707030986183463,False,1.0616725842358041
RA,Sig 14,0.00983993150293827,0.002295620972290635,4.286392057622522,1.8159837862352646e-05,Autoimmune,0.00023348362965881973,True,4.286392057622522
RA,Sig 15,0.004801334347575903,0.00200732727535069,2.391904103797467,0.016761221102733925,Autoimmune,0.08498647319696075,False,2.391904103797467
RA,Sig 16,0.006120047532021999,0.003311428241431713,1.8481594906540886,0.06457927372172745,Autoimmune,0.20944629315154847,False,1.8481594906540886
RA,Sig 17,0.005814104340970516,0.0025844972115010023,2.2496075117039305,0.024473871197572272,Autoimmune,0.11368507911130345,False,2.2496075117039305
RA,Sig 18,0.0005851201713085175,0.0016191239701583982,0.361380710861365,0.7178148655927024,Autoimmune,0.877464691386665,False,0.361380710861365
RA,Sig 19,0.003190928604453802,0.0025075336452573538,1.2725367057343353,0.20318249101150654,Autoimmune,0.4569080166783495,False,1.2725367057343353
RA,Sig 20,0.0,0.0,,,Autoimmune,,False,
SCZ,Sig 0,0.0016910529229789972,0.002494205953553319,0.6779924971993085,0.4977764503509592,Neurological,0.7255041381633414,False,0.6779924971993085
SCZ,Sig 1,-0.012746097519993782,0.003096033353358507,-4.116912211610092,3.8398224935010106e-05,Neurological,0.00046077869922012127,True,4.116912211610092
SCZ,Sig 2,0.0036784622352570295,0.0029621655121445656,1.2418152261160704,0.21430474361342577,Neurological,0.4754601142602787,False,1.2418152261160704
SCZ,Sig 3,0.004173254128545523,0.00257809623144567,1.6187348158859711,0.10550433246298674,Neurological,0.2899355701272918,False,1.6187348158859711
SCZ,Sig 4,0.0035168412141501904,0.0010554399341344833,3.3321092943429194,0.0008619039976942577,Neurological,0.007752627227396324,True,3.3321092943429194
SCZ,Sig 5,-0.01046166755259037,0.003754229983314872,-2.786634702478465,0.005325847814972695,Neurological,0.03486009478891219,True,2.786634702478465
SCZ,Sig 6,0.0006806548917666078,0.0017270505195483565,0.3941140598160422,0.6934968311288661,Neurological,0.8579342240769476,False,0.3941140598160422
SCZ,Sig 7,0.004304155707359314,0.0027677440084517,1.5551133682219027,0.11991907169605964,Neurological,0.31627007919839906,False,1.5551133682219027
SCZ,Sig 8,0.0005000101518817246,0.0016271964414045215,0.3072832137281094,0.7586278115299576,Neurological,0.9013399740949991,False,0.3072832137281094
SCZ,Sig 9,-0.004305529873818159,0.0020967465825378895,-2.0534335954928666,0.040030543830671395,Neurological,0.1566412584678446,False,2.0534335954928666
SCZ,Sig 10,-0.0007331341621465981,0.0024260422214865685,-0.30219348849475786,0.7625045677737408,Neurological,0.9044535235536958,False,0.30219348849475786
SCZ,Sig 11,0.0019814155530184507,0.0013701787684112787,1.4461000262877381,0.14814914837289384,Neurological,0.36655459391231465,False,1.4461000262877381
SCZ,Sig 12,-0.0021186084486544132,0.0010019848123192787,-2.114411738188429,0.034480115965788816,Neurological,0.14094273748137912,False,2.114411738188429
SCZ,Sig 13,0.004973679315298796,0.0019915567245334387,2.4973827027015654,0.012511384932021308,Neurological,0.07093068622878221,False,2.4973827027015654
SCZ,Sig 14,0.010742695070803165,0.0023736702278256416,4.525774029126119,6.017485185028093e-06,Neurological,8.495273202392602e-05,True,4.525774029126119
SCZ,Sig 15,-0.009928127750754356,0.002085347892716527,-4.760897587126937,1.9273383915496822e-06,Neurological,2.8910075873245233e-05,True,4.760897587126937
SCZ,Sig 16,0.001377456821501255,0.002478737384080887,0.5557090599220597,0.578409762063844,Neurological,0.7683672115977264,False,0.5557090599220597
SCZ,Sig 17,0.006710951682180166,0.0030581175815314054,2.194471436516689,0.02820153520749691,Neurological,0.12457119846256302,False,2.194471436516689
SCZ,Sig 18,-0.0036449371837079525,0.0015348870074376464,-2.374726716719586,0.01756194733482319,Neurological,0.08780973667411596,False,2.374726716719586
SCZ,Sig 19,-0.0009647981496527791,0.001893840846605599,-0.5094399307006302,0.6104438932720391,Neurological,0.7945119047841597,False,0.5094399307006302
SCZ,Sig 20,0.0,0.0,,,Neurological,,False,
SLE,Sig 0,-0.0005627106875181198,0.0023881313391029835,-0.23562803196975007,0.8137213194661128,Autoimmune,0.9342303085929226,False,0.23562803196975007
SLE,Sig 1,0.0006813924992457032,0.0031497112940996885,0.21633490679674247,0.828726701539729,Autoimmune,0.9426275278177013,False,0.21633490679674247
SLE,Sig 2,0.0010715511161834002,0.003278570482507348,0.3268348574174655,0.7437927935776099,Autoimmune,0.8941488733632864,False,0.3268348574174655
SLE,Sig 3,-0.0012080116430297494,0.0024871197529137135,-0.4857070680310179,0.6271748716494532,Autoimmune,0.802070883814576,False,0.4857070680310179
SLE,Sig 4,-0.0010351079981774092,0.0013664433499798179,-0.7575198768340433,0.4487384621452115,Autoimmune,0.683852494870834,False,0.7575198768340433
SLE,Sig 5,-0.006769846193492413,0.0043178098276257515,-1.5678889214106426,0.116907057709849,Autoimmune,0.3140786625040719,False,1.5678889214106426
SLE,Sig 6,0.002507813274860382,0.0017499220557510853,1.4330999867214096,0.1518292652463782,Autoimmune,0.37437353074449414,False,1.4330999867214096
SLE,Sig 7,0.0004472559376154095,0.0028373533859848976,0.1576313827613541,0.874747272856718,Autoimmune,0.9542697522073288,False,0.1576313827613541
SLE,Sig 8,0.002542107831686735,0.0013071316061541438,1.944798687231006,0.05179921219044692,Autoimmune,0.18104579018020284,False,1.944798687231006
SLE,Sig 9,0.002827140735462308,0.0022672279737889767,1.2469591801734912,0.2124124653149959,Autoimmune,0.47486841681064673,False,1.2469591801734912
SLE,Sig 10,0.0006815463420934975,0.0027412904892116785,0.2486224443471848,0.803652845459436,Autoimmune,0.9333317752018763,False,0.2486224443471848
SLE,Sig 11,0.00470704073086381,0.0014665120979771018,3.209684214236401,0.0013288086911624752,Autoimmune,0.010997037444103243,True,3.209684214236401
SLE,Sig 12,-1.8700327927945182e-05,0.0010831925319507718,-0.017264084986135284,0.9862259373599902,Autoimmune,0.9957881082009641,False,0.017264084986135284
SLE,Sig 13,0.0010046412935480475,0.0023946508299559355,0.4195356086910317,0.674824736392128,Autoimmune,0.8437307652550391,False,0.4195356086910317
SLE,Sig 14,0.002535264939069748,0.002385389991104603,1.062830375126938,0.2878588819336336,Autoimmune,0.5707030986183463,False,1.062830375126938
SLE,Sig 15,-0.0015616228338330984,0.002445768564939499,-0.6384998385453239,0.5231483591178498,Autoimmune,0.7345487858352181,False,0.6384998385453239
SLE,Sig 16,0.0013048670953139663,0.003256719559431076,0.40066916156020405,0.6886637183281059,Autoimmune,0.8548928917176487,False,0.40066916156020405
SLE,Sig 17,-5.1375944167375565e-05,0.0032693545799702406,-0.015714399558289335,0.9874622392296359,Autoimmune,0.9957881082009641,False,0.015714399558289335
SLE,Sig 18,-0.00035125919384881854,0.0015217618783935905,-0.23082401973403122,0.8174515200188073,Autoimmune,0.9342303085929226,False,0.23082401973403122
SLE,Sig 19,0.005458001978695393,0.0023267201613634825,2.3457921882178328,0.018986690240130555,Autoimmune,0.09363299296502739,False,2.3457921882178328
SLE,Sig 20,0.0,0.0,,,Autoimmune,,False,
T1D,Sig 0,-0.004387772176414728,0.0031750064808875322,-1.3819726677182034,0.16698009356875865,Metabolic,0.395595325606309,False,1.3819726677182034
T1D,Sig 1,-0.0047649298794567585,0.0025214531924575567,-1.889755436948079,0.05879067603698718,Metabolic,0.1968429053822307,False,1.889755436948079
T1D,Sig 2,0.0010975742479786277,0.0032048351131379604,0.34247448284600085,0.7319938440039291,Metabolic,0.8872481987489468,False,0.34247448284600085
T1D,Sig 3,-0.002566668903455138,0.0031875420827418566,-0.805218829063221,0.42069341275666927,Metabolic,0.6701493816403595,False,0.805218829063221
T1D,Sig 4,0.001428220421075821,0.00103358447086066,1.3818129638563064,0.16702913747821935,Metabolic,0.395595325606309,False,1.3818129638563064
T1D,Sig 5,0.0037647918798029423,0.004065637476742268,0.9260028473614946,0.3544445005161527,Metabolic,0.627027126220221,False,0.9260028473614946
T1D,Sig 6,-0.0005240475875325501,0.0019944433588534594,-0.2627538080769604,0.7927403405955449,Metabolic,0.9250778690904252,False,0.2627538080769604
T1D,Sig 7,0.002517153974622488,0.0038026184774935246,0.6619528068673501,0.508001467288288,Metabolic,0.7257163818404114,False,0.6619528068673501
T1D,Sig 8,0.001558404415845871,0.0016633999766781926,0.9368789453502352,0.34882083060803226,Metabolic,0.6230594680407577,False,0.9368789453502352
T1D,Sig 9,-0.0013442572671920061,0.0027348811272531748,-0.4915231063597028,0.623056513596352,Metabolic,0.8008412084892396,False,0.4915231063597028
T1D,Sig 10,-0.0005112186190672219,0.0029002605006098747,-0.17626644881027806,0.8600846192754148,Metabolic,0.9495308369860359,False,0.17626644881027806
T1D,Sig 11,0.0009086543577723205,0.001562570920214057,0.5815123947448374,0.5608951670264943,Metabolic,0.7553481719446938,False,0.5815123947448374
T1D,Sig 12,-0.0009871635120362043,0.0009478479041717947,-1.0414788149990821,0.29765338038086653,Metabolic,0.5777950008542487,False,1.0414788149990821
T1D,Sig 13,-0.0021849991753697395,0.0022231261245906353,-0.9828498487786353,0.3256813436849888,Metabolic,0.5983512509821026,False,0.9828498487786353
T1D,Sig 14,0.0003732016193680465,0.0023012778256088495,0.16217147500185403,0.8711708220777616,Metabolic,0.9518103063672054,False,0.16217147500185403
T1D,Sig 15,0.025060411542654037,0.0029733364935964346,8.428380574020371,0.0,Metabolic,0.0,True,8.428380574020371
T1D,Sig 16,0.002913427073508501,0.0038155107758939266,0.7635745892569052,0.4451207969708575,Metabolic,0.683852494870834,False,0.7635745892569052
T1D,Sig 17,0.0029063106048852205,0.0038176369853317738,0.7612852180686441,0.44648672772372056,Metabolic,0.683852494870834,False,0.7612852180686441
T1D,Sig 18,0.001998872496187687,0.0016233929200097919,1.231293097037549,0.21821326273685848,Metabolic,0.4800906664041306,False,1.231293097037549
T1D,Sig 19,-0.005529689136892557,0.0023160905111581087,-2.3875099484465143,0.01696294364688966,Metabolic,0.08540782815217172,False,2.3875099484465143
T1D,Sig 20,0.0,0.0,,,Metabolic,,False,
T2D,Sig 0,0.004694052971899509,0.0023296105209738016,2.014951825482547,0.043909696988267743,Metabolic,0.16400104889123934,False,2.014951825482547
T2D,Sig 1,0.007886203937232494,0.0025590588338673115,3.0816813716293785,0.002058350368067563,Metabolic,0.01628584906602907,True,3.0816813716293785
T2D,Sig 2,0.012691235169768333,0.0026322954799979925,4.821356593970982,1.4258520726340151e-06,Metabolic,2.1842840261627464e-05,True,4.821356593970982
T2D,Sig 3,0.0022340198047459126,0.0029586656019091606,0.7550768168272716,0.45020289245663236,Metabolic,0.683852494870834,False,0.7550768168272716
T2D,Sig 4,-6.76687341183424e-06,0.0010347003117203712,-0.006539935607618715,0.99478192354691,Metabolic,0.9962309482972591,False,0.006539935607618715
T2D,Sig 5,0.040719952434301376,0.004277058877050877,9.520549893009342,0.0,Metabolic,0.0,True,9.520549893009342
T2D,Sig 6,0.0019750145729631186,0.0016819665906950831,1.1742293716707723,0.24030316433754262,Metabolic,0.5059958618934648,False,1.1742293716707723
T2D,Sig 7,0.020575856789946556,0.00270611559972167,7.603465569638942,2.886579864025407e-14,Metabolic,7.536828304312491e-13,True,7.603465569638942
T2D,Sig 8,0.0032513279002159834,0.001469110487960279,2.213126872935299,0.026888899881491568,Metabolic,0.12024849636443434,False,2.213126872935299
T2D,Sig 9,0.006453929003328085,0.0026024705730378628,2.4799239116061997,0.013141042135857317,Metabolic,0.07334535145594781,False,2.4799239116061997
T2D,Sig 10,0.006456409581005573,0.00281385681591928,2.294505372298512,0.021761486832311938,Metabolic,0.10376338092228209,False,2.294505372298512
T2D,Sig 11,-9.543886699248105e-05,0.0011789529817178845,-0.08095222495931473,0.9354799467025883,Metabolic,0.9804794233622246,False,0.08095222495931473
T2D,Sig 12,0.006126838736236095,0.000979095697402954,6.257650557026755,3.9082026503933776e-10,Metabolic,8.276193847891858e-09,True,6.257650557026755
T2D,Sig 13,-0.001415312523022294,0.0018940354930236936,-0.7472470966015784,0.4549144199779893,Metabolic,0.6853613794499614,False,0.7472470966015784
T2D,Sig 14,0.011184168979525566,0.002210669917985797,5.059176355788011,4.2107129938351306e-07,Metabolic,6.737140790136209e-06,True,5.059176355788011
T2D,Sig 15,0.1539192497730255,0.002639214741066098,58.32009323760088,0.0,Metabolic,0.0,True,58.32009323760088
T2D,Sig 16,0.009988203644752502,0.003270752029493451,3.0537942206213042,0.0022596702111215006,Metabolic,0.017684375565298702,True,3.0537942206213042
T2D,Sig 17,0.006140462122857571,0.0034606168046593666,1.7743837210147237,0.07599970070085704,Metabolic,0.23791210654181336,False,1.7743837210147237
T2D,Sig 18,0.011602507904171944,0.001430671545676887,8.109833413009206,4.440892098500626e-16,Metabolic,1.3322676295501878e-14,True,8.109833413009206
T2D,Sig 19,0.00448184460401535,0.0017189554637297988,2.607306994615567,0.009125750121291354,Metabolic,0.05475450072774812,False,2.607306994615567
T2D,Sig 20,0.0,0.0,,,Metabolic,,False,
UC,Sig 0,-0.002393050817772746,0.0022265000734478235,-1.0748038350912839,0.2824625630846227,Autoimmune,0.5649251261692454,False,1.0748038350912839
UC,Sig 1,0.003308231011033058,0.003181054722517729,1.0399792834794972,0.2983495255369695,Autoimmune,0.5777950008542487,False,1.0399792834794972
UC,Sig 2,0.006933411117643118,0.003105850424617529,2.232371225184463,0.025590437976981795,Autoimmune,0.11735742256959804,False,2.232371225184463
UC,Sig 3,-0.0016019539907574654,0.0030231536366045475,-0.5298949981770357,0.5961847343007995,Autoimmune,0.7833084100302476,False,0.5298949981770357
UC,Sig 4,0.0027493671514093876,0.0012633268488571048,2.1762912376133383,0.029533490332183776,Autoimmune,0.12809706650103805,False,2.1762912376133383
UC,Sig 5,0.005465095397084951,0.004388670902699232,1.2452734593800754,0.21303124809699847,Autoimmune,0.47486841681064673,False,1.2452734593800754
UC,Sig 6,0.001175148761831224,0.0019871580880135298,0.5913715516242424,0.5542714973249523,Autoimmune,0.7539960996784841,False,0.5913715516242424
UC,Sig 7,0.002004554495215416,0.002595445141196251,0.7723355286529034,0.4399157278314161,Autoimmune,0.6811598366421926,False,0.7723355286529034
UC,Sig 8,0.004865631461143494,0.0018289710860699415,2.6603107606248004,0.007806858398394567,Autoimmune,0.048877722146470334,True,2.6603107606248004
UC,Sig 9,-0.0007128053111955523,0.0026598430704325438,-0.26798773172720897,0.7887087621210114,Autoimmune,0.923366355653867,False,0.26798773172720897
UC,Sig 10,0.0022080906201153994,0.0029477167408913374,0.7490850764201012,0.4538059292532637,Autoimmune,0.6853613794499614,False,0.7490850764201012
UC,Sig 11,0.0013526277616620064,0.0016341907903552055,0.8277049226106585,0.4078376306474363,Autoimmune,0.6658573561590796,False,0.8277049226106585
UC,Sig 12,0.0003081304603256285,0.0010255888337269425,0.3004424874692684,0.7638396593757371,Autoimmune,0.9045469650502149,False,0.3004424874692684
UC,Sig 13,0.0013104606186971068,0.0020000359509140253,0.6552185314960066,0.5123270646454183,Autoimmune,0.7275650622183455,False,0.6552185314960066
UC,Sig 14,0.007604447193443775,0.0023104248102754354,3.291363198500806,0.0009970309660431997,Autoimmune,0.008648943319892816,True,3.291363198500806
UC,Sig 15,0.00512321712449193,0.002617164980620146,1.9575445806545857,0.05028347576369807,Autoimmune,0.17747109093069907,False,1.9575445806545857
UC,Sig 16,0.003852132009342313,0.0024735236074775457,1.5573459649615582,0.11938836781690676,Autoimmune,0.31627007919839906,False,1.5573459649615582
UC,Sig 17,0.01616666093468666,0.0031423147302120924,5.1448254941654055,2.677696020469966e-07,Autoimmune,4.483584034275292e-06,True,5.1448254941654055
UC,Sig 18,0.0027380946557968855,0.0014809679705649614,1.8488547424508808,0.06447879022588343,Autoimmune,0.20944629315154847,False,1.8488547424508808
UC,Sig 19,-0.0011378148337826133,0.0022005971986800432,-0.5170482060347503,0.6051225080550198,Autoimmune,0.7907226965510241,False,0.5170482060347503
UC,Sig 20,0.0,0.0,,,Autoimmune,,False,
VTE,Sig 0,0.002104448154568672,0.0025528622791171074,0.8243484859263475,0.40974157620218854,Other,0.667452341324832,False,0.8243484859263475
VTE,Sig 1,0.0032297843135893345,0.0027101831510663033,1.1917217891043996,0.2333703514890222,Other,0.4971202753612307,False,1.1917217891043996
VTE,Sig 2,-0.004550707060843706,0.0025801751762628555,-1.7637201933843047,0.07777909959878926,Other,0.240347432236602,False,1.7637201933843047
VTE,Sig 3,0.007439154200255871,0.002950875088572502,2.5209993567889692,0.01170220659874488,Other,0.0674047100087705,False,2.5209993567889692
VTE,Sig 4,0.0005048965103924274,0.0008714822470210493,0.5793537528943289,0.5623505025771496,Other,0.7553481719446938,False,0.5793537528943289
VTE,Sig 5,-0.0067493729293346405,0.0030741188675165176,-2.195547153577455,0.028124372314544566,Other,0.12457119846256302,False,2.195547153577455
VTE,Sig 6,-0.0012165701482445002,0.0015348775777965784,-0.7926170567889653,0.4280009679782979,Other,0.6743122471430514,False,0.7926170567889653
VTE,Sig 7,0.003897259011864662,0.0026272935792803764,1.483374009893532,0.13797506870930976,Other,0.34979594884050363,False,1.483374009893532
VTE,Sig 8,0.0043901256285607815,0.0014398816274479032,3.048948986412164,0.00229643473330321,Other,0.01777884954815388,True,3.048948986412164
VTE,Sig 9,0.004199787508696318,0.0017497659428045154,2.4001995958184676,0.016386134280897302,Other,0.08367387717905006,False,2.4001995958184676
VTE,Sig 10,-0.0028521991334855556,0.002636247780174017,-1.081916182134171,0.27928977370849273,Other,0.5601354793039408,False,1.081916182134171
VTE,Sig 11,0.002795109525322914,0.0012376694940030575,2.2583650472652024,0.02392290997597768,Other,0.11184737131625928,False,2.2583650472652024
VTE,Sig 12,-0.0006671606679446995,0.0009433600353077054,-0.7072174387025892,0.4794313630579876,Other,0.7102686860118335,False,0.7072174387025892
VTE,Sig 13,-0.00034565303940325975,0.0016321676084771752,-0.2117754559078382,0.8322822175656652,Other,0.9426977238885366,False,0.2117754559078382
VTE,Sig 14,0.006529280450195074,0.001808827044442296,3.609676486348757,0.0003065791268763718,Other,0.0030237941280957218,True,3.609676486348757
VTE,Sig 15,0.0004612901248037815,0.0019684426952153444,0.23434267399555522,0.8147189590392618,Other,0.9342303085929226,False,0.23434267399555522
VTE,Sig 16,0.006130693480372429,0.002664304571226239,2.3010482910183176,0.0213889016348765,Other,0.1026667278474072,False,2.3010482910183176
VTE,Sig 17,-0.007692407816648483,0.0031201918609440327,-2.4653637210376864,0.013687423121646836,Other,0.07522858509607422,False,2.4653637210376864
VTE,Sig 18,0.0025124407839030027,0.0014554751105606556,1.7261997581911237,0.08431148154559787,Other,0.2487879783312724,False,1.7261997581911237
VTE,Sig 19,-0.001309242332354188,0.0015732538886368275,-0.8321875711291603,0.4053030782323108,Other,0.6647339779664323,False,0.8321875711291603
VTE,Sig 20,0.0,0.0,,,Other,,False,
